constructorResultsId,raceId,constructorId,points,status
1,18,1,14.0,\N
3,18,3,9.0,\N
6,18,6,1.0,\N
9,18,9,0.0,\N
12,19,6,10.0,\N
14,19,1,10.0,\N
16,19,9,2.0,\N
20,19,3,0.0,\N
23,20,6,18.0,\N
25,20,1,4.0,\N
27,20,9,2.0,\N
28,20,3,1.0,\N
34,21,6,18.0,\N
35,21,1,6.0,\N
37,21,9,4.0,\N
39,21,3,2.0,\N
45,22,6,16.0,\N
46,22,1,8.0,\N
49,22,9,2.0,\N
50,22,3,1.0,\N
55,23,1,11.0,\N
57,23,6,6.0,\N
58,23,9,5.0,\N
61,23,3,2.0,\N
66,24,9,6.0,\N
68,24,6,4.0,\N
71,24,1,0.0,\N
72,24,3,0.0,\N
75,25,6,18.0,\N
77,25,1,5.0,\N
79,25,9,3.0,\N
83,25,3,0.0,\N
85,26,1,14.0,\N
88,26,6,5.0,\N
91,26,3,1.0,\N
92,26,9,0.0,\N
95,27,1,14.0,\N
97,27,6,9.0,\N
101,27,3,0.0,\N
102,27,9,0.0,\N
105,28,1,14.0,\N
107,28,6,6.0,\N
110,28,9,0.0,\N
112,28,3,0.0,\N
115,29,6,10.0,\N
116,29,1,13.0,\N
120,29,3,1.0,\N
122,29,9,0.0,\N
125,30,6,10.0,\N
127,30,1,6.0,\N
130,30,9,1.0,\N
132,30,3,0.0,\N
136,31,1,10.0,\N
139,31,6,3.0,\N
140,31,9,1.0,\N
142,31,3,0.0,\N
146,32,3,9.0,\N
147,32,1,6.0,\N
151,32,9,2.0,\N
153,32,6,0.0,\N
157,33,6,8.0,\N
160,33,9,1.0,\N
161,33,3,0.0,\N
162,33,1,0.0,\N
165,34,1,10.0,\N
166,34,6,14.0,\N
171,34,9,0.0,\N
173,34,3,0.0,\N
175,35,6,16.0,\N
178,35,1,6.0,\N
180,35,9,0.0,\N
182,35,3,0.0,\N
185,36,6,13.0,\N
186,36,1,14.0,D
189,36,3,2.0,\N
193,36,9,0.0,\N
196,37,1,18.0,D
197,37,6,10.0,\N
201,37,3,0.0,\N
202,37,9,0.0,\N
207,38,6,16.0,\N
208,38,1,12.0,D
212,38,3,0.0,\N
216,38,9,0.0,\N
218,39,6,10.0,\N
219,39,1,14.0,D
221,39,9,4.0,\N
222,39,3,3.0,\N
229,40,1,18.0,D
230,40,6,7.0,\N
233,40,3,2.0,\N
236,40,9,0.0,\N
240,41,1,12.0,D
242,41,3,6.0,\N
244,41,6,4.0,\N
247,41,9,0.0,\N
251,42,1,18.0,D
252,42,6,11.0,\N
255,42,9,2.0,\N
257,42,3,0.0,\N
262,43,6,18.0,\N
263,43,1,8.0,D
267,43,3,0.0,\N
269,43,9,0.0,\N
273,44,6,14.0,\N
274,44,1,14.0,D
278,44,9,0.0,\N
279,44,3,0.0,\N
284,45,1,10.0,D
285,45,6,8.0,\N
286,45,9,10.0,\N
287,45,3,5.0,\N
295,46,1,15.0,D
296,46,6,8.0,\N
299,46,3,2.0,\N
301,46,9,0.0,\N
306,47,6,18.0,\N
307,47,1,10.0,D
310,47,3,2.0,\N
311,47,9,0.0,\N
317,48,1,18.0,D
318,48,6,6.0,\N
320,48,3,3.0,\N
323,48,9,0.0,\N
328,49,6,18.0,\N
329,49,1,11.0,D
331,49,3,3.0,\N
332,49,9,2.0,\N
339,50,1,10.0,D
341,50,6,9.0,\N
342,50,9,5.0,\N
349,50,3,0.0,\N
350,51,6,16.0,\N
351,51,1,8.0,D
355,51,9,1.0,\N
357,51,3,0.0,\N
361,52,6,18.0,\N
362,52,1,8.0,D
363,52,3,5.0,\N
366,52,9,0.0,\N
373,53,6,8.0,\N
374,53,1,10.0,\N
376,53,3,5.0,\N
377,53,9,1.0,\N
385,54,1,5.0,\N
386,54,6,7.0,\N
392,54,9,0.0,\N
393,54,3,0.0,\N
395,55,1,8.0,\N
399,55,9,1.0,\N
403,55,6,0.0,\N
404,55,3,0.0,\N
405,56,6,15.0,\N
407,56,1,10.0,\N
408,56,3,3.0,\N
414,56,9,0.0,\N
416,57,6,16.0,\N
418,57,1,5.0,\N
420,57,3,2.0,\N
426,57,9,0.0,\N
428,58,6,13.0,\N
429,58,1,4.0,\N
432,58,3,0.0,\N
434,58,9,0.0,\N
439,59,1,8.0,\N
440,59,9,6.0,\N
442,59,6,4.0,\N
448,59,3,0.0,\N
450,60,6,12.0,\N
451,60,1,9.0,\N
453,60,3,0.0,\N
456,60,9,0.0,\N
461,61,6,12.0,\N
462,61,1,6.0,\N
465,61,9,1.0,\N
468,61,3,0.0,\N
471,62,6,18.0,\N
475,62,9,2.0,\N
477,62,3,0.0,\N
481,62,1,0.0,\N
482,63,6,16.0,\N
485,63,1,6.0,\N
487,63,9,0.0,\N
489,63,3,0.0,\N
493,64,6,18.0,\N
494,64,1,6.0,\N
498,64,9,1.0,\N
500,64,3,0.0,\N
505,65,1,8.0,\N
507,65,9,4.0,\N
509,65,6,3.0,\N
514,65,3,0.0,\N
515,66,6,16.0,\N
518,66,1,4.0,\N
520,66,3,0.0,\N
521,66,9,0.0,\N
526,67,6,10.0,\N
527,67,1,8.0,\N
532,67,3,0.0,\N
533,67,9,0.0,\N
537,68,6,10.0,\N
540,68,1,4.0,\N
542,68,3,1.0,\N
543,68,9,0.0,\N
549,69,6,8.0,\N
551,69,1,4.0,\N
554,69,3,0.0,\N
555,69,9,0.0,\N
559,70,6,15.0,\N
562,70,1,5.0,\N
566,70,9,0.0,\N
569,70,3,0.0,\N
571,71,6,8.0,\N
572,71,9,7.0,\N
573,71,3,4.0,\N
574,71,1,4.0,\N
576,71,15,0.0,\N
582,72,3,6.0,\N
583,72,1,5.0,\N
584,72,9,4.0,\N
585,72,6,2.0,\N
586,72,15,0.0,\N
592,73,1,10.0,\N
593,73,3,3.0,\N
594,73,15,2.0,\N
595,73,9,1.0,\N
596,73,6,0.0,\N
601,74,6,8.0,\N
602,74,1,6.0,\N
603,74,15,5.0,\N
605,74,3,5.0,\N
606,74,9,1.0,\N
610,75,1,12.0,\N
613,75,3,3.0,\N
614,75,9,1.0,\N
615,75,6,0.0,\N
616,75,15,0.0,\N
619,76,1,14.0,\N
620,76,3,14.0,\N
623,76,6,3.0,\N
624,76,15,0.0,\N
627,76,9,0.0,\N
629,77,3,8.0,\N
630,77,6,10.0,\N
631,77,9,5.0,\N
632,77,1,2.0,\N
635,77,15,0.0,\N
638,78,1,10.0,\N
639,78,6,14.0,\N
640,78,15,5.0,\N
641,78,3,4.0,\N
643,78,9,3.0,\N
648,79,6,18.0,\N
652,79,1,0.0,\N
655,79,3,0.0,\N
656,79,15,0.0,\N
657,79,9,0.0,\N
659,80,1,8.0,\N
660,80,6,6.0,\N
663,80,15,1.0,\N
664,80,9,0.0,\N
665,80,3,0.0,\N
668,81,1,16.0,\N
671,81,6,5.0,\N
673,81,15,0.0,\N
674,81,3,0.0,\N
675,81,9,0.0,\N
679,82,1,8.0,\N
681,82,6,4.0,\N
683,82,9,2.0,\N
684,82,15,1.0,\N
685,82,3,0.0,\N
688,83,1,10.0,\N
689,83,6,8.0,\N
692,83,3,5.0,\N
695,83,15,0.0,\N
697,83,9,0.0,\N
698,84,1,16.0,\N
702,84,9,3.0,\N
703,84,6,0.0,\N
704,84,15,0.0,\N
707,84,3,0.0,\N
708,85,1,15.0,\N
711,85,3,2.0,\N
713,85,15,0.0,\N
714,85,6,0.0,\N
715,85,9,0.0,\N
718,86,1,10.0,\N
721,86,3,5.0,\N
722,86,6,4.0,\N
723,86,15,3.0,\N
726,86,9,0.0,\N
728,87,1,18.0,\N
730,87,6,8.0,\N
733,87,9,0.0,\N
734,87,15,0.0,\N
737,87,3,0.0,\N
738,88,1,10.0,\N
740,88,3,5.0,\N
742,88,9,3.0,\N
743,88,6,2.0,\N
745,88,15,0.0,\N
749,89,1,8.0,\N
751,89,9,4.0,\N
752,89,15,3.0,\N
753,89,3,2.0,\N
756,89,6,0.0,\N
758,90,6,18.0,\N
760,90,3,9.0,\N
762,90,1,1.0,\N
763,90,15,0.0,\N
768,91,6,15.0,\N
769,91,3,8.0,\N
772,91,1,3.0,\N
773,91,15,1.0,\N
778,92,6,18.0,\N
781,92,3,2.0,\N
784,92,15,0.0,\N
787,92,1,0.0,\N
788,93,6,13.0,\N
790,93,3,8.0,\N
792,93,1,1.0,\N
793,93,15,0.0,\N
798,94,6,18.0,\N
801,94,3,3.0,\N
802,94,15,2.0,\N
803,94,1,0.0,\N
810,95,6,6.0,\N
811,95,3,5.0,\N
812,95,15,4.0,\N
816,95,1,0.0,\N
818,96,6,18.0,\N
821,96,15,3.0,\N
823,96,3,1.0,\N
827,96,1,0.0,\N
828,97,6,18.0,\N
830,97,15,5.0,\N
831,97,1,7.0,\N
836,97,3,0.0,\N
838,98,6,18.0,\N
842,98,1,5.0,\N
844,98,15,0.0,\N
846,98,3,0.0,\N
848,99,6,16.0,\N
851,99,1,5.0,\N
852,99,3,1.0,\N
854,99,15,0.0,\N
858,100,6,16.0,\N
859,100,1,10.0,\N
861,100,3,4.0,\N
862,100,15,3.0,\N
868,101,6,10.0,\N
871,101,1,5.0,\N
872,101,3,6.0,\N
874,101,15,0.0,\N
878,102,6,18.0,\N
880,102,3,7.0,\N
882,102,15,1.0,\N
883,102,1,0.0,\N
888,103,1,12.0,\N
889,103,6,14.0,\N
890,103,15,9.0,\N
895,103,3,0.0,\N
898,104,6,18.0,\N
900,104,3,6.0,\N
901,104,1,3.0,\N
902,104,15,1.0,\N
908,105,6,10.0,\N
910,105,1,6.0,\N
912,105,3,4.0,\N
913,105,15,3.0,\N
918,106,6,10.0,\N
919,106,3,10.0,\N
922,106,1,3.0,\N
923,106,15,1.0,\N
928,107,3,14.0,\N
929,107,1,8.0,\N
930,107,6,8.0,\N
933,107,15,1.0,\N
938,108,1,16.0,\N
939,108,3,9.0,\N
940,108,6,5.0,\N
942,108,15,3.0,\N
948,109,1,10.0,\N
949,109,6,11.0,\N
951,109,3,5.0,\N
953,109,15,1.0,\N
959,110,1,13.0,\N
961,110,15,4.0,\N
963,110,3,2.0,\N
966,110,6,0.0,\N
968,111,6,16.0,\N
969,111,1,12.0,\N
970,111,3,7.0,\N
974,111,15,0.0,\N
978,112,6,16.0,\N
980,112,3,9.0,\N
985,112,15,0.0,\N
987,112,1,0.0,\N
988,113,6,16.0,\N
989,113,1,12.0,\N
991,113,3,3.0,\N
997,113,15,0.0,\N
998,114,3,15.0,\N
999,114,1,10.0,\N
1000,114,6,7.0,\N
1004,114,15,0.0,\N
1008,115,6,14.0,\N
1009,115,3,14.0,\N
1011,115,1,3.0,\N
1016,115,15,0.0,\N
1018,116,3,18.0,\N
1019,116,6,10.0,\N
1023,116,15,1.0,\N
1026,116,1,0.0,\N
1028,117,3,18.0,\N
1029,117,6,8.0,\N
1030,117,1,9.0,\N
1034,117,15,0.0,\N
1038,118,6,15.0,\N
1039,118,3,8.0,\N
1040,118,1,10.0,\N
1044,118,15,0.0,\N
1048,119,3,10.0,\N
1049,119,1,8.0,\N
1052,119,6,2.0,\N
1054,119,15,0.0,\N
1059,120,1,12.0,\N
1060,120,3,11.0,\N
1062,120,6,1.0,\N
1063,120,15,0.0,\N
1068,121,6,16.0,\N
1069,121,3,12.0,\N
1070,121,1,5.0,\N
1074,121,15,0.0,\N
1078,122,6,10.0,\N
1079,122,1,8.0,\N
1080,122,15,10.0,\N
1082,122,3,3.0,\N
1088,123,6,11.0,\N
1089,123,1,14.0,\N
1093,123,15,0.0,\N
1095,123,3,0.0,\N
1098,124,6,10.0,\N
1099,124,3,6.0,\N
1100,124,1,4.0,\N
1108,124,15,0.0,\N
1109,125,3,16.0,\N
1110,125,6,4.0,\N
1112,125,15,3.0,\N
1119,125,1,0.0,\N
1120,126,6,10.0,\N
1121,126,3,8.0,\N
1122,126,1,4.0,\N
1129,126,15,0.0,\N
1131,127,6,16.0,\N
1132,127,3,7.0,\N
1134,127,1,1.0,\N
1136,127,15,0.0,\N
1142,128,6,10.0,\N
1143,128,3,6.0,\N
1144,128,1,4.0,\N
1145,128,15,5.0,\N
1153,129,6,16.0,\N
1154,129,3,7.0,\N
1156,129,1,1.0,\N
1163,129,15,0.0,\N
1164,130,1,10.0,\N
1165,130,6,6.0,\N
1166,130,3,4.0,\N
1170,130,15,0.0,\N
1175,131,6,14.0,\N
1176,131,1,9.0,\N
1179,131,3,0.0,\N
1181,131,15,0.0,\N
1186,132,6,16.0,\N
1187,132,1,4.0,\N
1188,132,3,3.0,\N
1190,132,15,1.0,\N
1197,133,6,16.0,\N
1198,133,3,4.0,\N
1200,133,15,1.0,\N
1202,133,1,0.0,\N
1208,134,6,10.0,\N
1209,134,1,10.0,\N
1210,134,3,5.0,\N
1212,134,15,0.0,\N
1219,135,6,13.0,\N
1220,135,3,10.0,\N
1221,135,1,2.0,\N
1222,135,15,1.0,\N
1230,136,6,16.0,\N
1231,136,3,4.0,\N
1232,136,1,5.0,\N
1234,136,15,0.0,\N
1240,137,6,16.0,\N
1241,137,3,6.0,\N
1242,137,1,3.0,\N
1246,137,15,0.0,\N
1250,138,6,16.0,\N
1254,138,1,0.0,\N
1256,138,15,0.0,\N
1259,138,3,0.0,\N
1260,139,6,16.0,\N
1261,139,1,4.0,\N
1262,139,3,3.0,\N
1266,139,15,0.0,\N
1270,140,6,16.0,\N
1271,140,1,4.0,\N
1272,140,3,3.0,\N
1275,140,15,0.0,\N
1280,141,6,14.0,\N
1281,141,1,6.0,\N
1282,141,15,4.0,\N
1290,141,3,0.0,\N
1291,142,6,16.0,\N
1292,142,1,5.0,\N
1294,142,3,2.0,\N
1301,142,15,0.0,\N
1302,143,1,10.0,\N
1303,143,6,6.0,\N
1304,143,15,4.0,\N
1310,143,3,0.0,\N
1313,144,3,10.0,\N
1314,144,1,9.0,\N
1315,144,6,4.0,\N
1317,144,15,0.0,\N
1324,145,6,10.0,\N
1325,145,3,6.0,\N
1328,145,1,2.0,\N
1329,145,15,1.0,\N
1335,146,1,10.0,\N
1336,146,6,10.0,\N
1337,146,15,3.0,\N
1343,146,3,0.0,\N
1346,147,6,16.0,\N
1349,147,1,2.0,\N
1353,147,15,0.0,\N
1354,147,3,0.0,\N
1357,148,3,10.0,\N
1358,148,6,6.0,\N
1359,148,1,4.0,\N
1360,148,15,3.0,\N
1368,149,6,12.0,\N
1369,149,3,9.0,\N
1370,149,1,5.0,\N
1373,149,15,0.0,\N
1379,150,6,14.0,\N
1380,150,3,6.0,\N
1381,150,1,3.0,\N
1383,150,15,1.0,\N
1390,151,1,10.0,\N
1391,151,6,10.0,\N
1392,151,3,3.0,\N
1393,151,15,3.0,\N
1401,152,3,10.0,\N
1402,152,6,6.0,\N
1409,152,1,0.0,\N
1410,152,15,0.0,\N
1412,153,6,16.0,\N
1413,153,1,6.0,\N
1414,153,3,3.0,\N
1415,153,15,1.0,\N
1423,154,6,12.0,\N
1424,154,1,9.0,\N
1427,154,3,0.0,\N
1433,154,15,0.0,\N
1434,155,3,14.0,\N
1435,155,6,9.0,\N
1438,155,15,0.0,\N
1444,155,1,0.0,\N
1445,156,1,14.0,\N
1446,156,6,6.0,\N
1449,156,15,1.0,\N
1454,156,3,0.0,\N
1456,157,6,12.0,\N
1457,157,3,7.0,\N
1458,157,1,7.0,\N
1461,157,15,0.0,\N
1467,158,6,16.0,\N
1468,158,3,4.0,\N
1473,158,15,0.0,\N
1475,158,1,0.0,\N
1478,159,6,10.0,\N
1481,159,3,3.0,\N
1485,159,1,0.0,\N
1488,159,15,0.0,\N
1489,160,6,13.0,\N
1490,160,1,10.0,\N
1492,160,15,1.0,\N
1498,160,3,0.0,\N
1500,161,1,16.0,\N
1501,161,6,4.0,\N
1502,161,3,5.0,\N
1505,161,15,0.0,\N
1511,162,1,16.0,\N
1512,162,6,6.0,\N
1513,162,3,3.0,\N
1515,162,15,0.0,\N
1522,163,6,13.0,\N
1523,163,1,10.0,\N
1526,163,15,0.0,\N
1529,163,3,0.0,\N
1533,164,1,11.0,\N
1534,164,6,6.0,\N
1537,164,15,2.0,\N
1542,164,3,0.0,\N
1544,165,6,16.0,\N
1546,165,1,3.0,\N
1550,165,15,0.0,\N
1551,165,3,0.0,\N
1555,166,1,16.0,\N
1556,166,6,4.0,\N
1558,166,3,2.0,\N
1561,166,15,0.0,\N
1566,167,1,16.0,\N
1567,167,6,4.0,\N
1569,167,3,2.0,\N
1570,167,15,1.0,\N
1577,168,6,10.0,\N
1578,168,1,10.0,\N
1579,168,3,3.0,\N
1580,168,15,2.0,\N
1588,169,1,14.0,\N
1589,169,6,9.0,\N
1590,169,3,2.0,\N
1593,169,15,0.0,\N
1599,170,1,13.0,\N
1600,170,6,6.0,\N
1601,170,3,6.0,\N
1605,170,15,0.0,\N
1610,171,6,10.0,\N
1611,171,1,6.0,\N
1612,171,3,4.0,\N
1616,171,15,0.0,\N
1621,172,6,16.0,\N
1624,172,1,2.0,\N
1626,172,15,0.0,\N
1630,172,3,0.0,\N
1632,173,6,13.0,\N
1633,173,1,10.0,\N
1634,173,3,2.0,\N
1637,173,15,0.0,\N
1643,174,6,14.0,\N
1644,174,1,9.0,\N
1648,174,15,0.0,\N
1653,174,3,0.0,\N
1654,175,6,10.0,\N
1656,175,3,4.0,\N
1662,175,15,0.0,\N
1664,175,1,0.0,\N
1665,176,1,10.0,\N
1666,176,6,8.0,\N
1668,176,3,3.0,\N
1675,176,15,0.0,\N
1676,177,6,10.0,\N
1677,177,1,6.0,\N
1681,177,15,1.0,\N
1684,177,3,0.0,\N
1687,178,6,16.0,\N
1688,178,1,4.0,\N
1692,178,3,0.0,\N
1694,178,15,0.0,\N
1698,179,1,16.0,\N
1699,179,6,7.0,\N
1700,179,3,2.0,\N
1707,179,15,0.0,\N
1709,180,1,10.0,\N
1711,180,6,4.0,\N
1712,180,3,3.0,\N
1714,180,15,1.0,\N
1721,181,1,6.0,\N
1723,181,3,3.0,\N
1724,181,6,3.0,\N
1730,181,15,0.0,\N
1731,182,1,10.0,\N
1732,182,6,6.0,\N
1733,182,3,4.0,\N
1735,182,15,1.0,\N
1742,183,6,10.0,\N
1743,183,1,10.0,\N
1746,183,15,1.0,\N
1752,183,3,0.0,\N
1753,184,6,16.0,\N
1755,184,3,3.0,\N
1756,184,1,2.0,\N
1759,184,15,0.0,\N
1764,185,1,16.0,\N
1765,185,6,4.0,\N
1770,185,3,0.0,\N
1774,185,15,0.0,\N
1775,186,1,16.0,\N
1777,186,6,3.0,\N
1778,186,3,2.0,\N
1779,186,15,0.0,\N
1787,187,3,6.0,\N
1788,187,6,5.0,\N
1790,187,1,2.0,\N
1792,187,15,0.0,\N
1799,188,3,3.0,\N
1800,188,1,2.0,\N
1802,188,6,0.0,\N
1806,188,15,0.0,\N
1808,189,6,16.0,\N
1809,189,1,4.0,\N
1812,189,15,0.0,\N
1815,189,3,0.0,\N
1819,190,1,10.0,\N
1820,190,6,10.0,\N
1822,190,3,2.0,\N
1823,190,15,1.0,\N
1830,191,1,16.0,\N
1831,191,3,6.0,\N
1832,191,6,3.0,\N
1833,191,15,1.0,\N
1841,192,1,16.0,\N
1842,192,6,4.0,\N
1844,192,3,2.0,\N
1845,192,15,0.0,\N
1852,193,6,14.0,\N
1853,193,1,7.0,\N
1855,193,15,2.0,\N
1857,193,3,0.0,\N
1863,194,1,10.0,\N
1864,194,6,10.0,\N
1865,194,3,5.0,\N
1866,194,15,1.0,\N
1874,195,1,16.0,\N
1875,195,6,4.0,\N
1878,195,3,1.0,\N
1879,195,15,0.0,\N
1885,196,1,10.0,\N
1887,196,6,4.0,\N
1889,196,3,2.0,\N
1890,196,15,0.0,\N
1896,197,6,14.0,\N
1902,197,3,0.0,\N
1905,197,1,0.0,\N
1906,197,15,0.0,\N
1907,198,6,16.0,\N
1908,198,1,5.0,\N
1909,198,3,3.0,\N
1911,198,15,0.0,\N
1918,199,6,14.0,\N
1919,199,1,6.0,\N
1922,199,3,0.0,\N
1925,199,15,0.0,\N
1929,200,1,16.0,\N
1930,200,6,7.0,\N
1932,200,3,1.0,\N
1933,200,15,0.0,\N
1940,201,1,16.0,\N
1941,201,3,4.0,\N
1943,201,6,2.0,\N
1945,201,15,0.0,\N
1951,202,6,10.0,\N
1952,202,1,7.0,\N
1953,202,3,6.0,\N
1955,202,15,0.0,\N
1963,203,15,4.0,\N
1964,203,3,3.0,\N
1967,203,1,0.0,\N
1970,203,6,0.0,\N
1973,204,6,16.0,\N
1975,204,1,3.0,\N
1976,204,15,2.0,\N
1977,204,3,0.0,\N
1984,205,1,14.0,\N
1985,205,6,9.0,\N
1986,205,3,2.0,\N
1989,205,15,0.0,\N
1995,206,1,14.0,\N
1996,206,6,6.0,\N
1998,206,3,3.0,\N
1999,206,15,0.0,\N
2006,207,1,14.0,\N
2007,207,6,6.0,\N
2010,207,15,1.0,\N
2011,207,3,0.0,\N
2018,208,3,10.0,\N
2021,208,1,3.0,\N
2022,208,6,2.0,\N
2023,208,15,0.0,\N
2029,209,3,10.0,\N
2030,209,6,6.0,\N
2032,209,15,3.0,\N
2033,209,1,2.0,\N
2040,210,3,10.0,\N
2041,210,6,10.0,\N
2044,210,1,1.0,\N
2045,210,15,0.0,\N
2051,211,6,14.0,\N
2058,211,3,0.0,\N
2059,211,15,0.0,\N
2060,211,1,0.0,\N
2062,212,3,10.0,\N
2065,212,6,3.0,\N
2066,212,15,2.0,\N
2067,212,1,1.0,\N
2073,213,6,10.0,\N
2076,213,3,3.0,\N
2077,213,15,2.0,\N
2079,213,1,0.0,\N
2084,214,6,14.0,\N
2085,214,3,9.0,\N
2088,214,1,0.0,\N
2089,214,15,0.0,\N
2095,215,3,10.0,\N
2097,215,1,3.0,\N
2101,215,15,0.0,\N
2105,215,6,0.0,\N
2107,216,6,6.0,\N
2108,216,1,4.0,\N
2112,216,15,0.0,\N
2115,216,3,0.0,\N
2117,217,3,10.0,\N
2119,217,15,4.0,\N
2120,217,6,3.0,\N
2126,217,1,0.0,\N
2128,218,6,10.0,\N
2130,218,3,6.0,\N
2131,218,15,3.0,\N
2138,218,1,0.0,\N
2139,219,1,10.0,\N
2141,219,3,6.0,\N
2143,219,6,1.0,\N
2145,219,15,0.0,\N
2150,220,3,14.0,\N
2151,220,1,6.0,\N
2153,220,6,1.0,\N
2155,220,15,0.0,\N
2161,221,3,14.0,\N
2165,221,15,0.0,\N
2167,221,1,0.0,\N
2169,221,6,0.0,\N
2172,222,6,14.0,\N
2173,222,3,6.0,\N
2174,222,1,3.0,\N
2176,222,15,1.0,\N
2183,223,1,16.0,\N
2184,223,3,5.0,\N
2186,223,6,2.0,\N
2188,223,15,0.0,\N
2194,224,3,16.0,\N
2195,224,6,4.0,\N
2197,224,1,2.0,\N
2200,224,15,0.0,\N
2205,225,3,10.0,\N
2207,225,6,4.0,\N
2208,225,1,3.0,\N
2214,225,15,0.0,\N
2216,226,3,16.0,\N
2219,226,6,2.0,\N
2221,226,1,0.0,\N
2223,226,15,0.0,\N
2227,227,3,13.0,\N
2228,227,6,6.0,\N
2229,227,1,4.0,\N
2231,227,15,0.0,\N
2238,228,3,10.0,\N
2239,228,6,9.0,\N
2243,228,1,0.0,\N
2248,228,15,0.0,\N
2250,229,1,7.0,\N
2251,229,15,7.0,\N
2253,229,6,0.0,\N
2254,229,3,0.0,\N
2260,230,6,10.0,\N
2262,230,3,4.0,\N
2263,230,15,3.0,\N
2264,230,1,2.0,\N
2271,231,3,16.0,\N
2273,231,1,5.0,\N
2275,231,15,0.0,\N
2278,231,6,0.0,\N
2282,232,3,16.0,\N
2284,232,1,3.0,\N
2290,232,15,0.0,\N
2292,232,6,0.0,\N
2293,233,3,10.0,\N
2295,233,1,6.0,\N
2298,233,15,0.0,\N
2302,233,6,0.0,\N
2304,234,3,14.0,\N
2306,234,6,3.0,\N
2307,234,1,2.0,\N
2310,234,15,0.0,\N
2314,235,3,16.0,\N
2316,235,1,3.0,\N
2321,235,6,0.0,\N
2323,235,15,0.0,\N
2324,236,6,10.0,\N
2325,236,3,8.0,\N
2326,236,1,4.0,\N
2333,236,15,0.0,\N
2334,237,6,10.0,\N
2336,237,1,4.0,\N
2339,237,3,0.0,\N
2341,237,15,0.0,\N
2344,238,3,16.0,\N
2345,238,6,6.0,\N
2347,238,15,0.0,\N
2351,238,1,0.0,\N
2354,239,3,10.0,\N
2355,239,6,6.0,\N
2356,239,1,4.0,\N
2359,239,15,1.0,\N
2365,240,3,6.0,\N
2366,240,6,6.0,\N
2367,240,1,4.0,\N
2374,240,15,0.0,\N
2377,241,3,10.0,\N
2378,241,6,7.0,\N
2380,241,15,2.0,\N
2388,241,1,0.0,\N
2390,242,3,13.0,\N
2391,242,6,10.0,\N
2392,242,1,2.0,\N
2393,242,15,1.0,\N
2404,243,6,4.0,\N
2405,243,3,3.0,\N
2408,243,15,0.0,\N
2413,243,1,0.0,\N
2417,244,3,6.0,\N
2418,244,6,4.0,\N
2419,244,1,2.0,\N
2420,244,15,1.0,\N
2429,245,6,10.0,\N
2437,245,3,0.0,\N
2438,245,1,0.0,\N
2440,245,15,0.0,\N
2442,246,3,10.0,\N
2444,246,6,2.0,\N
2446,246,1,0.0,\N
2447,246,15,0.0,\N
2454,247,6,6.0,\N
2455,247,3,4.0,\N
2457,247,1,2.0,\N
2458,247,15,1.0,\N
2466,248,3,6.0,\N
2467,248,6,4.0,\N
2468,248,15,2.0,\N
2473,248,1,0.0,\N
2477,249,3,16.0,\N
2478,249,6,4.0,\N
2480,249,15,2.0,\N
2486,249,1,0.0,\N
2490,250,3,6.0,\N
2492,250,15,3.0,\N
2493,250,1,2.0,\N
2500,250,6,0.0,\N
2502,251,1,9.0,\N
2503,251,15,5.0,\N
2507,251,6,0.0,\N
2510,251,3,0.0,\N
2513,252,3,14.0,\N
2515,252,6,5.0,\N
2516,252,15,1.0,\N
2518,252,1,0.0,\N
2526,253,6,6.0,\N
2527,253,3,4.0,\N
2530,253,1,0.0,\N
2536,253,15,0.0,\N
2538,254,3,10.0,\N
2539,254,6,5.0,\N
2540,254,15,0.0,\N
2542,254,1,0.0,\N
2550,255,1,6.0,\N
2554,255,15,0.0,\N
2557,255,3,0.0,\N
2559,255,6,0.0,\N
2561,256,3,10.0,\N
2564,256,1,3.0,\N
2571,256,15,0.0,\N
2572,256,6,0.0,\N
2574,257,3,6.0,\N
2575,257,6,4.0,\N
2578,257,15,1.0,\N
2584,257,1,0.0,\N
2588,258,6,6.0,\N
2591,258,15,2.0,\N
2597,258,1,0.0,\N
2598,258,3,0.0,\N
2602,259,6,6.0,\N
2603,259,1,4.0,\N
2604,259,15,3.0,\N
2606,259,3,1.0,\N
2616,260,1,6.0,\N
2617,260,6,6.0,\N
2627,260,3,0.0,\N
2628,260,15,0.0,\N
2629,261,3,10.0,\N
2632,261,6,3.0,\N
2638,261,1,0.0,\N
2641,261,15,0.0,\N
2644,262,3,8.0,\N
2645,262,6,7.0,\N
2653,262,1,0.0,\N
2656,262,15,0.0,\N
2658,263,3,6.0,\N
2659,263,6,4.0,\N
2660,263,15,4.0,\N
2667,263,1,0.0,\N
2671,264,3,12.0,\N
2672,264,6,6.0,\N
2673,264,1,4.0,\N
2676,264,15,0.0,\N
2685,265,6,10.0,\N
2689,265,3,0.0,\N
2692,265,1,0.0,\N
2694,265,15,0.0,\N
2700,266,3,6.0,\N
2701,266,1,3.0,\N
2707,266,6,0.0,\N
2710,266,15,0.0,\N
2713,267,3,13.0,\N
2714,267,1,6.0,\N
2723,267,15,0.0,\N
2724,267,6,0.0,\N
2727,268,3,11.0,\N
2728,268,6,6.0,\N
2729,268,1,6.0,\N
2738,268,15,0.0,\N
2741,269,3,16.0,\N
2742,269,1,5.0,\N
2752,269,15,0.0,\N
2753,269,6,0.0,\N
2756,270,3,6.0,\N
2757,270,1,4.0,\N
2759,270,6,2.0,\N
2760,270,15,1.0,\N
2769,271,3,13.0,\N
2771,271,6,4.0,\N
2773,271,15,1.0,\N
2774,271,1,0.0,\N
2783,272,3,10.0,\N
2784,272,6,7.0,\N
2785,272,1,4.0,\N
2788,272,15,0.0,\N
2797,273,3,10.0,\N
2798,273,1,6.0,\N
2801,273,15,2.0,\N
2802,273,6,1.0,\N
2810,274,1,10.0,\N
2811,274,3,6.0,\N
2816,274,6,0.0,\N
2819,274,15,0.0,\N
2823,275,1,10.0,\N
2824,275,3,10.0,\N
2833,275,6,0.0,\N
2835,275,15,0.0,\N
2836,276,3,10.0,\N
2839,276,15,3.0,\N
2845,276,1,0.0,\N
2846,276,6,0.0,\N
2849,277,3,10.0,\N
2850,277,1,8.0,\N
2852,277,6,1.0,\N
2859,277,15,0.0,\N
2862,278,1,10.0,\N
2863,278,3,9.0,\N
2864,278,6,4.0,\N
2871,278,15,0.0,\N
2875,279,3,14.0,\N
2877,279,6,3.0,\N
2879,279,15,1.0,\N
2885,279,1,0.0,\N
2888,280,3,16.0,\N
2890,280,1,4.0,\N
2896,280,6,0.0,\N
2899,280,15,0.0,\N
2901,281,3,10.0,\N
2904,281,1,2.0,\N
2907,281,15,0.0,\N
2908,281,6,0.0,\N
2914,282,3,10.0,\N
2917,282,1,3.0,\N
2918,282,6,1.0,\N
2919,282,15,0.0,\N
2927,283,3,10.0,\N
2929,283,6,4.0,\N
2932,283,15,1.0,\N
2939,283,1,0.0,\N
2940,284,3,14.0,\N
2942,284,1,3.0,\N
2945,284,15,0.0,\N
2946,284,6,0.0,\N
2953,285,3,10.0,\N
2954,285,6,6.0,\N
2955,285,1,4.0,\N
2956,285,15,3.0,\N
2967,286,3,10.0,\N
2968,286,6,3.0,\N
2969,286,15,2.0,\N
2978,286,1,0.0,\N
2979,287,1,14.0,\N
2980,287,3,9.0,\N
2983,287,15,0.0,\N
2989,287,6,0.0,\N
2991,288,1,10.0,\N
2992,288,3,10.0,\N
2993,288,6,5.0,\N
3000,288,15,0.0,\N
3003,289,3,16.0,\N
3004,289,1,6.0,\N
3015,289,6,0.0,\N
3019,290,3,16.0,\N
3021,290,1,3.0,\N
3029,290,6,0.0,\N
3034,291,3,16.0,\N
3036,291,6,5.0,\N
3047,291,1,0.0,\N
3049,292,3,10.0,\N
3051,292,6,4.0,\N
3052,292,1,3.0,\N
3065,293,3,16.0,\N
3066,293,1,4.0,\N
3075,293,6,0.0,\N
3081,294,1,10.0,\N
3082,294,3,10.0,\N
3089,294,6,0.0,\N
3097,295,1,10.0,\N
3099,295,6,4.0,\N
3107,295,3,0.0,\N
3113,296,3,16.0,\N
3121,296,6,0.0,\N
3125,296,1,0.0,\N
3128,297,3,16.0,\N
3130,297,1,2.0,\N
3134,297,6,0.0,\N
3144,298,3,10.0,\N
3145,298,1,6.0,\N
3147,298,6,2.0,\N
3160,299,1,14.0,\N
3161,299,3,6.0,\N
3164,299,6,1.0,\N
3177,300,3,10.0,\N
3178,300,1,2.0,\N
3189,300,6,0.0,\N
3191,301,1,13.0,\N
3193,301,3,2.0,\N
3203,301,6,0.0,\N
3205,302,3,10.0,\N
3206,302,1,10.0,\N
3217,302,6,0.0,\N
3218,303,3,10.0,\N
3219,303,1,6.0,\N
3222,303,6,2.0,\N
3231,304,1,10.0,\N
3233,304,6,3.0,\N
3242,304,3,0.0,\N
3244,305,1,10.0,\N
3245,305,6,6.0,\N
3255,305,3,0.0,\N
3262,306,1,14.0,\N
3263,306,3,6.0,\N
3264,306,6,4.0,\N
3280,307,1,16.0,\N
3292,307,3,0.0,\N
3293,307,6,0.0,\N
3298,308,1,10.0,\N
3299,308,3,6.0,\N
3300,308,6,6.0,\N
3318,309,3,5.0,\N
3325,309,6,0.0,\N
3327,309,1,0.0,\N
3334,310,3,16.0,\N
3335,310,1,4.0,\N
3344,310,6,0.0,\N
3352,311,3,12.0,\N
3353,311,6,9.0,\N
3354,311,1,4.0,\N
3370,312,3,10.0,\N
3371,312,1,9.0,\N
3372,312,6,4.0,\N
3388,313,3,16.0,\N
3389,313,6,4.0,\N
3390,313,1,3.0,\N
3406,314,1,13.0,\N
3407,314,3,10.0,\N
3408,314,6,2.0,\N
3424,315,1,16.0,\N
3426,315,3,2.0,\N
3435,315,6,0.0,\N
3442,316,3,10.0,\N
3443,316,1,9.0,\N
3444,316,6,4.0,\N
3460,317,3,10.0,\N
3461,317,1,6.0,\N
3462,317,6,4.0,\N
3478,318,3,14.0,\N
3479,318,6,9.0,\N
3480,318,1,2.0,\N
3495,319,1,16.0,\N
3496,319,3,4.0,\N
3497,319,6,3.0,\N
3512,320,1,7.0,\N
3513,320,3,4.0,\N
3515,320,6,0.5,\N
3529,321,1,9.0,\N
3531,321,3,4.0,\N
3539,321,6,0.0,\N
3548,322,6,12.0,\N
3549,322,1,10.0,\N
3550,322,3,2.0,\N
3567,323,3,9.0,\N
3568,323,1,6.0,\N
3570,323,6,3.0,\N
3586,324,1,13.0,\N
3588,324,3,3.0,\N
3593,324,6,0.0,\N
3605,325,1,12.0,\N
3607,325,6,6.0,\N
3617,325,3,0.0,\N
3624,326,6,15.0,\N
3625,326,1,4.0,\N
3627,326,3,2.0,\N
3643,327,6,9.0,\N
3645,327,1,6.0,\N
3647,327,3,1.0,\N
3662,328,6,9.0,\N
3663,328,3,6.0,\N
3664,328,1,4.0,\N
3681,329,1,13.0,\N
3683,329,6,3.0,\N
3684,329,3,3.0,\N
3700,330,3,12.0,\N
3701,330,1,6.0,\N
3711,330,6,0.0,\N
3719,331,1,13.0,\N
3720,331,6,6.0,\N
3732,331,3,0.0,\N
3737,332,1,13.0,\N
3738,332,6,9.0,\N
3739,332,3,2.0,\N
3755,333,6,13.0,\N
3756,333,1,9.0,\N
3758,333,3,0.0,\N
3773,334,6,15.0,\N
3775,334,3,5.0,\N
3782,334,1,0.0,\N
3793,335,3,5.0,\N
3799,335,6,0.0,\N
3803,335,1,0.0,\N
3808,336,6,10.0,\N
3809,336,1,3.0,\N
3810,336,3,3.0,\N
3824,1,1,0.0,\N
3827,1,3,3.0,\N
3831,1,9,0.0,\N
3832,1,6,0.0,\N
3836,2,9,1.5,\N
3837,2,1,1.0,\N
3838,2,3,0.5,\N
3839,2,6,0.0,\N
3843,3,9,18.0,\N
3845,3,1,7.0,\N
3849,3,6,0.0,\N
3852,3,3,0.0,\N
3854,4,9,8.0,\N
3856,4,1,5.0,\N
3857,4,6,3.0,\N
3859,4,3,0.0,\N
3864,5,9,11.0,\N
3866,5,6,3.0,\N
3868,5,3,1.0,\N
3869,5,1,0.0,\N
3874,6,6,11.0,\N
3875,6,9,4.0,\N
3876,6,3,3.0,\N
3882,6,1,0.0,\N
3884,7,9,14.0,\N
3886,7,3,4.0,\N
3887,7,6,3.0,\N
3890,7,1,0.0,\N
3893,8,9,18.0,\N
3895,8,6,6.0,\N
3896,8,3,4.0,\N
3901,8,1,0.0,\N
3903,9,9,18.0,\N
3904,9,6,6.0,\N
3905,9,3,5.0,\N
3908,9,1,1.0,\N
3913,10,1,14.0,\N
3914,10,6,8.0,\N
3915,10,9,6.0,\N
3916,10,3,5.0,\N
3924,11,1,13.0,\N
3925,11,6,6.0,\N
3926,11,3,4.0,\N
3929,11,9,0.0,\N
3933,12,6,10.0,\N
3935,12,9,6.0,\N
3937,12,1,3.0,\N
3939,12,3,1.0,\N
3944,13,6,6.0,\N
3947,13,1,3.0,\N
3949,13,9,1.0,\N
3950,13,3,0.0,\N
3953,14,1,12.0,\N
3956,14,9,5.0,\N
3959,14,3,0.0,\N
3960,14,6,0.0,\N
3963,15,9,10.0,\N
3965,15,1,6.0,\N
3966,15,6,5.0,\N
3967,15,3,4.0,\N
3973,16,9,15.0,\N
3975,16,1,6.0,\N
3977,16,6,3.0,\N
3982,16,3,0.0,\N
3983,356,6,9.0,\N
3984,356,1,6.0,\N
3994,356,3,0.0,\N
4003,357,1,15.0,\N
4005,357,3,3.0,\N
4015,357,6,0.0,\N
4023,358,1,15.0,\N
4029,358,3,0.0,\N
4037,358,6,0.0,\N
4043,359,1,11.0,\N
4044,359,3,6.0,\N
4055,359,6,0.0,\N
4063,360,1,9.0,\N
4064,360,3,7.0,\N
4071,360,6,0.0,\N
4083,361,3,15.0,\N
4087,361,1,0.0,\N
4097,361,6,0.0,\N
4103,362,1,9.0,\N
4104,362,6,6.0,\N
4105,362,3,4.0,\N
4123,363,1,9.0,\N
4124,363,6,6.0,\N
4130,363,3,0.0,\N
4143,364,1,15.0,\N
4144,364,6,4.0,\N
4145,364,3,3.0,\N
4163,365,6,9.0,\N
4164,365,1,9.0,\N
4165,365,3,4.0,\N
4183,366,1,15.0,\N
4184,366,6,4.0,\N
4185,366,3,3.0,\N
4203,367,1,9.0,\N
4204,367,6,6.0,\N
4205,367,3,7.0,\N
4223,368,6,9.0,\N
4224,368,1,6.0,\N
4234,368,3,0.0,\N
4243,369,1,13.0,\N
4244,369,6,6.0,\N
4246,369,3,2.0,\N
4264,370,3,10.0,\N
4270,370,1,0.0,\N
4271,370,6,0.0,\N
4283,371,3,13.0,\N
4293,371,6,0.0,\N
4294,371,1,0.0,\N
4303,372,1,9.0,\N
4304,372,6,8.0,\N
4316,372,3,0.0,\N
4321,373,1,15.0,\N
4324,373,6,2.0,\N
4329,373,3,0.0,\N
4339,374,1,9.0,\N
4340,374,6,10.0,\N
4343,374,3,1.0,\N
4357,375,1,15.0,\N
4358,375,6,7.0,\N
4371,375,3,0.0,\N
4375,376,1,15.0,\N
4389,376,6,0.0,\N
4390,376,3,0.0,\N
4393,377,1,15.0,\N
4401,377,6,0.0,\N
4404,377,3,0.0,\N
4411,378,1,15.0,\N
4412,378,6,7.0,\N
4424,378,3,0.0,\N
4429,379,1,9.0,\N
4430,379,3,6.0,\N
4435,379,6,0.0,\N
4447,380,1,15.0,\N
4448,380,6,7.0,\N
4461,380,3,0.0,\N
4465,381,1,15.0,\N
4467,381,6,3.0,\N
4469,381,3,1.0,\N
4483,382,1,15.0,\N
4487,382,3,0.0,\N
4496,382,6,0.0,\N
4501,383,6,15.0,\N
4505,383,3,0.0,\N
4506,383,1,0.0,\N
4519,384,1,10.0,\N
4523,384,6,2.0,\N
4530,384,3,0.0,\N
4537,385,1,12.0,\N
4538,385,3,8.0,\N
4540,385,6,1.0,\N
4555,386,1,15.0,\N
4557,386,6,3.0,\N
4558,386,3,1.0,\N
4573,387,1,15.0,\N
4575,387,3,3.0,\N
4587,387,6,0.0,\N
4591,388,1,13.0,\N
4592,388,3,7.0,\N
4593,388,6,3.0,\N
4604,389,3,9.0,\N
4606,389,6,4.0,\N
4607,389,1,3.0,\N
4619,390,1,15.0,\N
4629,390,3,0.0,\N
4632,390,6,0.0,\N
4635,391,3,6.0,\N
4636,391,6,7.0,\N
4641,391,1,0.0,\N
4650,392,3,8.0,\N
4651,392,1,4.0,\N
4652,392,6,3.0,\N
4664,393,3,15.0,\N
4665,393,1,4.0,\N
4670,393,6,0.0,\N
4679,394,3,15.0,\N
4686,394,1,0.0,\N
4687,394,6,0.0,\N
4694,395,3,9.0,\N
4695,395,1,6.0,\N
4704,395,6,0.0,\N
4709,396,3,9.0,\N
4711,396,1,4.0,\N
4723,396,6,0.0,\N
4724,397,3,15.0,\N
4727,397,1,1.0,\N
4735,397,6,0.0,\N
4739,398,3,13.0,\N
4741,398,6,3.0,\N
4743,398,1,1.0,\N
4755,399,1,11.0,\N
4756,399,6,6.0,\N
4757,399,3,4.0,\N
4769,400,3,12.0,\N
4770,400,1,10.0,\N
4779,400,6,0.0,\N
4785,401,3,15.0,\N
4796,401,6,0.0,\N
4798,401,1,0.0,\N
4799,402,6,12.0,\N
4801,402,1,4.0,\N
4808,402,3,0.0,\N
4814,403,6,15.0,\N
4821,403,3,0.0,\N
4824,403,1,0.0,\N
4829,404,3,9.0,\N
4836,404,6,0.0,\N
4837,404,1,0.0,\N
4843,405,3,6.0,\N
4844,405,1,7.0,\N
4851,405,6,0.0,\N
4855,406,1,11.0,\N
4856,406,3,6.0,\N
4858,406,6,3.0,\N
4868,407,1,15.0,\N
4870,407,3,3.0,\N
4873,407,6,0.0,\N
4881,408,3,9.0,\N
4883,408,6,7.0,\N
4885,408,1,1.0,\N
4894,409,3,13.0,\N
4895,409,1,9.0,\N
4898,409,6,0.0,\N
4909,410,1,4.0,\N
4910,410,6,3.0,\N
4911,410,3,2.0,\N
4920,411,3,13.0,\N
4921,411,1,9.0,\N
4924,411,6,0.0,\N
4933,412,3,15.0,\N
4934,412,1,4.0,\N
4942,412,6,0.0,\N
4946,413,3,13.0,\N
4949,413,1,3.0,\N
4953,413,6,0.0,\N
4959,414,3,13.0,\N
4961,414,6,3.0,\N
4968,414,1,0.0,\N
4972,415,1,9.0,\N
4973,415,6,10.0,\N
4980,415,3,0.0,\N
4985,416,3,15.0,\N
4986,416,6,4.0,\N
4987,416,1,3.0,\N
4999,417,3,13.0,\N
5000,417,1,6.0,\N
5002,417,6,3.0,\N
5014,418,1,6.0,\N
5016,418,3,5.0,\N
5022,418,6,0.0,\N
5026,419,1,9.0,\N
5027,419,3,6.0,\N
5028,419,6,4.0,\N
5039,420,1,9.0,\N
5040,420,6,9.0,\N
5050,420,3,0.0,\N
5054,421,6,6.0,\N
5056,421,3,2.0,\N
5060,421,1,0.0,\N
5071,422,1,3.0,\N
5072,422,3,2.0,\N
5073,422,6,1.0,\N
5083,423,1,9.0,\N
5084,423,6,6.0,\N
5088,423,3,0.0,\N
5097,424,6,15.0,\N
5098,424,1,4.0,\N
5099,424,3,4.0,\N
5111,425,3,9.0,\N
5112,425,6,10.0,\N
5120,425,1,0.0,\N
5126,426,3,6.0,\N
5127,426,1,4.0,\N
5128,426,6,3.0,\N
5140,427,1,9.0,\N
5141,427,6,6.0,\N
5151,427,3,0.0,\N
5155,428,6,9.0,\N
5156,428,1,8.0,\N
5159,428,3,1.0,\N
5170,429,1,9.0,\N
5172,429,6,7.0,\N
5182,429,3,0.0,\N
5185,430,1,15.0,\N
5187,430,6,3.0,\N
5188,430,3,1.0,\N
5200,431,1,9.0,\N
5203,431,6,2.0,\N
5208,431,3,0.0,\N
5216,432,3,9.0,\N
5217,432,1,4.0,\N
5229,432,6,0.0,\N
5230,433,3,13.0,\N
5232,433,1,3.0,\N
5238,433,6,0.0,\N
5245,434,3,15.0,\N
5246,434,1,4.0,\N
5247,434,6,3.0,\N
5257,435,3,9.0,\N
5260,435,6,2.0,\N
5265,435,1,0.0,\N
5271,436,1,9.0,\N
5272,436,3,6.0,\N
5281,436,6,0.0,\N
5286,437,1,15.0,\N
5294,437,6,0.0,\N
5296,437,3,0.0,\N
5301,438,6,13.0,\N
5303,438,3,3.0,\N
5313,438,1,0.0,\N
5316,439,1,9.0,\N
5317,439,6,6.0,\N
5330,439,3,0.0,\N
5331,440,1,9.0,\N
5334,440,6,3.0,\N
5335,440,3,1.0,\N
5346,441,1,4.5,\N
5348,441,6,2.5,\N
5349,441,3,1.5,\N
5362,442,1,10.0,\N
5364,442,6,2.0,\N
5374,442,3,0.0,\N
5378,443,1,3.0,\N
5379,443,3,2.0,\N
5381,443,6,0.0,\N
5391,444,3,12.0,\N
5392,444,6,6.0,\N
5397,444,1,0.0,\N
5406,445,1,9.0,\N
5410,445,6,3.0,\N
5418,445,3,0.0,\N
5421,446,1,15.0,\N
5424,446,6,1.0,\N
5433,446,3,0.0,\N
5436,447,1,9.0,\N
5438,447,6,4.0,\N
5448,447,3,0.0,\N
5451,448,1,15.0,\N
5456,448,3,0.0,\N
5458,448,6,0.0,\N
5466,449,1,9.0,\N
5467,449,6,6.0,\N
5478,449,3,0.0,\N
5480,450,1,12.0,\N
5481,450,6,8.0,\N
5491,450,3,0.0,\N
5494,451,1,15.0,\N
5496,451,6,3.0,\N
5503,451,3,0.0,\N
5509,452,1,4.0,\N
5510,452,3,3.0,\N
5511,452,6,2.0,\N
5523,453,1,15.0,\N
5524,453,6,4.0,\N
5525,453,3,3.0,\N
5540,454,6,3.0,\N
5541,454,3,3.0,\N
5550,454,1,0.0,\N
5553,455,6,13.0,\N
5555,455,3,3.0,\N
5556,455,1,2.0,\N
5568,456,3,9.0,\N
5571,456,6,3.0,\N
5579,456,1,0.0,\N
5584,457,6,6.0,\N
5586,457,3,3.0,\N
5593,457,1,0.0,\N
5599,458,3,8.0,\N
5600,458,1,4.0,\N
5609,458,6,0.0,\N
5612,459,6,13.0,\N
5614,459,3,3.0,\N
5615,459,1,1.0,\N
5629,460,6,6.0,\N
5631,460,1,1.0,\N
5634,460,3,0.0,\N
5643,461,6,9.0,\N
5647,461,1,2.0,\N
5648,461,3,1.0,\N
5660,462,6,6.0,\N
5663,462,1,1.0,\N
5665,462,3,0.0,\N
5675,463,6,15.0,\N
5676,463,1,4.0,\N
5686,463,3,0.0,\N
5692,464,6,9.0,\N
5698,464,3,0.0,\N
5703,464,1,0.0,\N
5713,465,6,0.0,\N
5716,465,3,0.0,\N
5721,465,1,0.0,\N
5726,466,3,2.0,\N
5731,466,1,0.0,\N
5734,466,6,0.0,\N
5738,467,3,8.0,\N
5739,467,1,4.0,\N
5747,467,6,0.0,\N
5755,468,1,6.0,\N
5759,468,6,1.0,\N
5764,468,3,0.0,\N
5771,469,1,10.0,\N
5772,469,3,6.0,\N
5777,469,6,0.0,\N
5788,470,6,15.0,\N
5795,471,1,9.0,\N
5796,471,3,6.0,\N
5809,471,6,0.0,\N
5813,472,6,6.0,\N
5816,472,3,1.0,\N
5820,472,1,0.0,\N
5829,473,1,9.0,\N
5831,473,6,4.0,\N
5832,473,3,5.0,\N
5846,474,1,4.0,\N
5850,474,3,0.0,\N
5851,474,6,0.0,\N
5861,475,6,9.0,\N
5863,475,3,6.0,\N
5864,475,1,3.0,\N
5878,476,1,9.0,\N
5879,476,6,10.0,\N
5881,476,3,2.0,\N
5896,477,6,7.0,\N
5897,477,3,2.0,\N
5899,477,1,0.0,\N
5911,478,6,9.0,\N
5913,478,3,4.0,\N
5921,478,1,0.0,\N
5929,479,3,6.0,\N
5931,479,6,3.0,\N
5932,479,1,2.0,\N
5945,480,3,9.0,\N
5947,480,1,4.0,\N
5959,480,6,0.0,\N
5963,481,6,10.0,\N
5964,481,1,3.0,\N
5968,481,3,0.0,\N
5980,482,1,6.0,\N
5983,482,3,3.0,\N
5991,482,6,0.0,\N
5996,483,3,15.0,\N
6004,483,6,0.0,\N
6010,483,1,0.0,\N
6012,484,3,15.0,\N
6017,484,1,0.0,\N
6023,484,6,0.0,\N
6029,485,3,9.0,\N
6034,485,1,0.0,\N
6037,485,6,0.0,\N
6046,486,3,4.0,\N
6047,486,6,2.0,\N
6048,486,1,1.0,\N
6061,487,3,9.0,\N
6064,487,6,3.0,\N
6066,487,1,0.0,\N
6078,488,6,12.0,\N
6079,488,3,6.0,\N
6085,488,1,0.0,\N
6095,489,6,9.0,\N
6097,489,1,4.0,\N
6098,489,3,3.0,\N
6113,490,1,6.0,\N
6115,490,6,2.0,\N
6118,490,3,0.0,\N
6129,491,1,9.0,\N
6130,491,3,6.0,\N
6143,491,6,0.0,\N
6150,492,1,1.0,\N
6154,492,6,0.0,\N
6155,492,3,0.0,\N
6166,493,3,5.0,\N
6167,493,1,1.0,\N
6169,493,6,0.0,\N
6181,494,3,4.0,\N
6189,494,1,0.0,\N
6193,494,6,0.0,\N
6197,495,3,10.0,\N
6199,495,6,2.0,\N
6201,495,1,0.0,\N
6214,496,1,6.0,\N
6215,496,6,4.0,\N
6221,496,3,0.0,\N
6230,497,3,9.0,\N
6236,497,1,0.0,\N
6237,497,6,0.0,\N
6247,498,3,9.0,\N
6252,498,1,1.0,\N
6253,498,6,0.0,\N
6264,499,3,4.0,\N
6266,499,1,2.0,\N
6273,499,6,0.0,\N
6280,500,3,2.0,\N
6285,500,1,0.0,\N
6289,500,6,0.0,\N
6295,501,1,3.0,\N
6296,501,6,2.0,\N
6302,501,3,0.0,\N
6308,502,3,10.0,\N
6311,502,6,1.0,\N
6315,502,1,0.0,\N
6322,503,3,9.0,\N
6326,503,6,2.0,\N
6333,503,1,0.0,\N
6337,504,3,10.0,\N
6341,504,1,0.0,\N
6342,504,6,0.0,\N
6352,505,3,13.0,\N
6355,505,1,1.0,\N
6357,505,6,0.0,\N
6367,506,3,10.0,\N
6370,506,6,1.0,\N
6374,506,1,0.0,\N
6381,507,3,10.0,\N
6385,507,1,0.0,\N
6386,507,6,0.0,\N
6397,508,3,3.0,\N
6399,508,1,1.0,\N
6400,508,6,0.0,\N
6409,509,3,10.0,\N
6413,509,1,0.0,\N
6414,509,6,0.0,\N
6422,510,3,15.0,\N
6424,510,1,3.0,\N
6425,510,6,2.0,\N
6436,511,3,15.0,\N
6442,511,6,0.0,\N
6443,511,1,0.0,\N
13701,512,6,0.0,\N
13699,512,3,0.0,\N
13695,512,1,4.0,\N
13688,513,3,0.0,\N
13683,513,1,0.0,\N
13681,513,6,3.0,\N
6480,514,6,15.0,\N
6485,514,3,0.0,\N
6486,514,1,0.0,\N
13717,515,1,0.0,\N
13709,515,3,4.0,\N
13708,515,6,15.0,\N
13734,516,3,0.0,\N
13731,516,1,0.0,\N
13725,516,6,3.0,\N
13749,517,3,0.0,\N
13744,517,1,1.0,\N
13739,517,6,9.0,\N
13759,518,1,3.0,\N
13757,518,3,6.0,\N
13756,518,6,9.0,\N
13777,519,1,0.0,\N
13773,519,3,4.0,\N
13772,519,6,6.0,\N
13791,520,6,2.0,\N
13790,520,1,3.0,\N
13787,520,3,9.0,\N
13820,521,1,2.0,\N
6604,522,3,11.0,\N
6605,522,6,9.0,\N
6609,522,1,0.0,\N
13833,523,6,6.0,\N
13832,523,3,9.0,\N
13848,524,3,4.0,\N
13847,524,6,15.0,\N
13867,525,1,1.0,\N
13865,525,6,9.0,\N
13864,525,3,13.0,\N
13890,526,3,0.0,\N
13886,526,1,1.0,\N
13881,526,6,9.0,\N
13400,527,3,0.0,\N
13393,527,6,0.0,\N
13392,527,1,3.0,\N
13415,528,1,0.0,\N
13414,528,3,0.0,\N
13405,528,6,9.0,\N
13432,529,6,0.0,\N
13429,529,1,0.0,\N
13425,529,3,3.0,\N
13450,530,1,0.0,\N
13446,530,3,0.0,\N
13441,530,6,9.0,\N
13468,531,3,0.0,\N
13464,531,6,0.0,\N
13463,531,1,0.0,\N
13484,532,3,0.0,\N
13482,532,1,0.0,\N
13479,532,6,4.0,\N
13505,533,6,0.0,\N
13503,533,3,0.0,\N
13501,533,1,1.0,\N
13524,534,3,0.0,\N
13521,534,6,0.0,\N
13517,534,1,3.0,\N
13539,535,6,0.0,\N
13533,535,3,2.0,\N
13531,535,1,4.0,\N
13551,536,1,1.0,\N
13547,536,6,9.0,\N
13573,537,3,0.0,\N
13572,537,1,0.0,\N
13569,537,6,0.0,\N
13587,538,1,0.0,\N
13582,538,6,4.0,\N
13609,539,3,0.0,\N
13602,539,1,0.0,\N
13600,539,6,1.0,\N
13623,540,3,0.0,\N
13617,540,1,2.0,\N
13615,540,6,4.0,\N
13635,541,1,1.0,\N
13631,541,3,6.0,\N
13630,541,6,9.0,\N
13653,542,3,0.0,\N
13652,542,1,0.0,\N
13647,542,6,9.0,\N
13138,543,6,4.0,\N
13149,544,1,6.0,\N
13148,544,6,9.0,\N
13164,545,1,3.0,\N
13161,545,6,9.0,\N
13180,546,1,0.0,\N
13175,546,6,6.0,\N
13190,547,1,3.0,\N
13188,547,6,6.0,\N
13205,548,1,3.0,\N
13204,548,6,6.0,\N
13223,549,1,0.0,\N
13218,549,6,6.0,\N
13235,550,6,4.0,\N
13234,550,1,6.0,\N
13252,551,6,2.0,\N
13251,551,1,4.0,\N
13266,552,6,6.0,\N
13265,552,1,9.0,\N
13283,553,6,9.0,\N
13302,554,1,1.0,\N
13299,554,6,6.0,\N
13319,555,1,0.0,\N
13312,555,6,9.0,\N
13332,556,1,3.0,\N
13330,556,6,6.0,\N
13350,557,6,3.0,\N
13347,557,1,9.0,\N
13371,558,6,0.0,\N
13364,558,1,4.0,\N
13378,559,6,6.0,\N
13377,559,1,9.0,\N
12903,560,3,0.0,\N
12901,560,1,1.0,\N
12897,560,6,9.0,\N
12911,561,1,6.0,\N
12910,561,6,9.0,\N
12928,562,1,2.0,\N
12925,562,6,9.0,\N
12941,563,6,6.0,\N
12940,563,1,9.0,\N
12961,564,1,1.0,\N
12957,564,6,9.0,\N
12976,565,1,2.0,\N
12973,565,6,9.0,\N
12991,566,1,2.0,\N
12989,566,6,4.0,\N
13004,567,1,9.0,\N
13027,568,1,0.0,\N
13019,568,6,9.0,\N
13040,569,6,0.0,\N
13034,569,1,9.0,\N
13052,570,1,3.0,\N
13064,571,6,6.0,\N
13063,571,1,9.0,\N
13079,572,6,6.0,\N
13096,573,6,1.0,\N
13093,573,1,9.0,\N
13109,574,6,4.0,\N
13107,574,1,9.0,\N
13125,575,6,2.0,\N
13123,575,1,4.0,\N
12560,576,6,3.0,\N
12557,576,1,9.0,\N
12579,577,3,0.0,\N
12574,577,6,3.0,\N
12573,577,1,6.0,\N
12597,578,3,0.0,\N
12590,578,1,1.0,\N
12589,578,6,2.0,\N
12610,579,6,0.0,\N
12608,579,3,0.0,\N
12603,579,1,4.5,\N
12620,580,1,6.0,\N
12619,580,6,9.0,\N
12639,581,1,0.0,\N
12635,581,6,9.0,\N
12783,582,3,0.0,\N
12779,582,1,0.0,\N
12800,583,1,0.0,\N
12797,583,3,0.0,\N
12812,584,3,0.0,\N
12825,585,6,0.0,\N
12847,586,1,0.0,\N
12838,586,6,4.0,\N
12861,587,3,0.0,\N
12855,587,6,0.5,\N
12853,587,1,1.5,\N
12876,588,3,0.0,\N
12347,590,6,6.0,\N
12346,590,1,9.0,\N
12358,591,6,6.0,\N
12357,591,1,9.0,\N
12370,592,1,4.0,\N
12380,593,1,4.0,\N
12379,593,6,9.0,\N
12394,594,6,6.0,\N
12393,594,1,9.0,\N
12412,595,1,2.0,\N
12411,595,6,3.0,\N
12425,596,1,3.0,\N
12437,597,1,4.0,\N
12436,597,6,9.0,\N
12453,598,1,1.0,\N
12451,598,6,6.0,\N
12466,599,6,3.0,\N
12464,599,1,6.0,\N
12490,600,1,0.0,\N
12480,600,6,9.0,\N
12500,601,6,2.0,\N
12498,601,1,6.0,\N
12519,602,6,0.0,\N
12513,602,1,6.0,\N
12528,603,6,6.0,\N
12527,603,1,9.0,\N
12549,604,6,0.0,\N
12544,604,1,3.0,\N
12178,605,1,2.0,\N
12177,605,6,3.0,\N
12033,606,6,3.0,\N
12032,606,1,4.0,\N
12187,607,6,3.0,\N
12197,608,1,3.0,\N
12209,609,1,0.0,\N
12222,610,6,0.0,\N
12217,610,1,2.0,\N
12230,611,6,1.0,\N
12226,611,1,9.0,\N
12264,612,1,0.0,\N
12262,612,6,2.0,\N
12276,613,6,0.0,\N
12284,614,1,3.0,\N
12294,615,1,4.0,\N
12308,616,1,0.0,\N
12307,616,6,0.0,\N
12318,617,6,0.0,\N
12314,617,1,4.0,\N
12324,618,1,9.0,\N
12338,619,1,3.0,\N
12051,620,6,4.0,\N
12050,620,1,6.0,\N
12060,621,6,3.0,\N
12070,622,1,2.0,\N
12068,622,6,6.0,\N
12080,623,1,2.0,\N
12077,623,6,6.0,\N
12103,624,6,0.0,\N
12097,624,1,4.0,\N
12110,625,1,0.0,\N
12118,626,6,1.0,\N
12116,626,1,4.0,\N
12128,627,1,2.0,\N
12125,627,6,9.0,\N
12136,628,1,6.0,\N
12151,629,6,0.0,\N
12148,629,1,4.0,\N
12159,630,6,2.0,\N
12157,630,1,10.0,\N
12168,631,6,2.0,\N
12166,631,1,4.0,\N
11844,632,1,1.0,\N
11840,632,6,9.0,\N
11854,633,1,2.0,\N
11851,633,6,6.0,\N
11862,634,1,3.0,\N
11861,634,6,4.0,\N
11868,635,6,9.0,\N
11883,636,1,0.0,\N
11900,638,6,4.0,\N
11914,639,1,0.0,\N
11923,640,1,0.0,\N
11933,641,6,0.0,\N
11931,641,1,4.0,\N
11941,642,6,1.0,\N
11721,643,6,0.0,\N
11729,644,6,0.0,\N
11744,646,6,3.0,\N
11750,647,6,4.0,\N
11764,648,6,0.0,\N
11770,649,6,3.0,\N
8305,17,9,18.0,\N
8310,17,3,0.0,\N
8311,17,1,0.0,\N
8312,17,6,0.0,\N
11822,654,6,3.0,\N
11525,656,6,0.0,\N
11531,657,6,0.0,\N
11542,659,6,4.0,\N
11555,661,6,0.0,\N
11567,663,6,1.0,\N
11574,664,6,0.0,\N
11580,665,6,2.0,\N
11587,666,6,0.0,\N
11261,667,6,3.0,\N
11277,668,6,0.0,\N
11292,670,6,4.0,\N
11303,671,6,3.0,\N
11310,672,6,9.0,\N
11320,673,6,6.0,\N
11333,674,6,3.0,\N
11344,675,6,4.0,\N
11368,677,1,0.0,\N
11167,680,6,4.0,\N
11179,681,6,3.0,\N
11189,682,6,4.0,\N
11198,683,6,0.0,\N
11204,684,6,4.0,\N
11212,685,6,4.0,\N
11226,686,6,1.0,\N
11237,687,6,0.0,\N
11245,688,6,0.0,\N
11255,689,6,0.0,\N
11112,694,6,1.0,\N
11145,697,6,0.0,\N
10925,701,6,0.0,\N
10929,702,6,4.0,\N
10948,704,6,0.0,\N
10956,705,6,1.0,\N
10961,706,6,3.0,\N
10980,708,6,0.0,\N
10728,709,6,0.0,\N
10744,711,6,0.0,\N
10752,712,6,0.0,\N
10757,713,6,4.0,\N
10536,720,6,0.0,\N
10559,722,6,0.0,\N
10596,725,6,0.0,\N
10606,726,6,2.0,\N
10620,727,6,0.0,\N
10329,729,6,4.0,\N
10344,731,6,4.0,\N
10363,733,6,0.0,\N
10371,734,6,1.0,\N
10028,749,117,0.0,\N
10026,749,6,2.0,\N
10007,747,6,4.0,\N
9999,746,6,8.0,\N
9872,763,117,0.0,\N
9935,762,117,0.0,\N
9933,762,6,4.0,\N
9910,758,117,0.0,\N
9908,758,6,2.0,\N
9888,756,6,6.0,\N
9665,775,6,10.0,\N
9659,774,6,6.0,\N
9653,773,6,6.0,\N
9647,772,6,3.0,\N
9638,771,6,8.0,\N
9632,770,6,8.0,\N
9627,769,6,6.0,\N
9927,761,6,8.0,\N
9919,760,117,0.0,\N
9615,767,6,2.0,\N
9605,766,6,6.0,\N
9602,765,6,6.0,\N
11127,696,6,9.0,\N
11120,695,6,1.0,\N
11089,692,6,6.0,\N
11079,691,6,9.0,\N
11071,690,6,6.0,\N
10969,707,6,3.0,\N
10937,703,6,4.0,\N
10912,700,6,6.0,\N
10897,699,6,6.0,\N
10801,718,6,6.0,\N
10792,717,6,6.0,\N
10781,716,6,9.0,\N
10773,715,6,9.0,\N
10764,714,6,9.0,\N
10732,710,6,6.0,\N
10627,728,6,2.0,\N
10576,724,6,9.0,\N
10564,723,6,6.0,\N
10543,721,6,4.0,\N
10521,719,6,3.0,\N
10378,735,6,3.0,\N
10335,730,6,6.0,\N
10236,744,6,9.0,\N
10230,743,6,6.0,\N
10220,742,6,19.0,\N
10211,741,6,9.0,\N
10205,740,6,9.0,\N
10200,739,6,9.0,\N
10194,738,6,6.0,\N
9911,759,6,8.0,\N
9877,764,6,4.0,\N
9870,763,6,6.0,\N
10056,754,6,8.0,\N
10053,753,6,3.0,\N
10047,752,117,0.0,\N
10045,752,6,1.0,\N
10038,751,6,0.0,\N
10031,750,6,3.0,\N
11338,674,1,0.0,\N
11359,676,6,0.0,\N
11372,677,6,0.0,\N
11382,678,6,0.0,\N
11538,658,6,0.0,\N
11550,660,6,0.0,\N
11777,650,6,6.0,\N
11787,651,6,15.0,\N
11798,652,6,9.0,\N
11809,653,6,9.0,\N
11831,655,6,9.0,\N
11739,645,6,0.0,\N
11875,635,1,0.0,\N
11887,636,6,0.0,\N
11897,637,1,0.0,\N
11898,637,6,0.0,\N
11908,638,1,0.0,\N
11917,639,6,0.0,\N
11927,640,6,0.0,\N
11944,642,1,0.0,\N
12058,621,1,9.0,\N
12185,607,1,6.0,\N
12112,625,6,0.0,\N
12145,628,6,0.0,\N
12202,608,6,0.0,\N
12214,609,6,0.0,\N
12270,613,1,9.0,\N
12333,618,6,0.0,\N
12342,619,6,0.0,\N
12377,592,6,0.0,\N
12432,596,6,0.0,\N
12567,576,3,0.0,\N
12630,580,3,0.0,\N
12647,581,3,0.0,\N
12773,582,6,9.0,\N
12789,583,6,6.0,\N
12806,584,1,4.0,\N
12804,584,6,9.0,\N
12820,585,1,9.0,\N
12837,586,3,6.0,\N
12868,588,1,6.0,\N
12867,588,6,9.0,\N
12884,589,1,6.0,\N
12883,589,6,9.0,\N
12833,585,3,0.0,\N
12896,589,3,0.0,\N
12955,563,3,0.0,\N
13017,567,6,0.0,\N
13090,572,1,0.0,\N
13147,543,1,0.0,\N
13293,553,1,0.0,\N
13562,536,3,0.0,\N
13593,538,3,0.0,\N
13819,521,6,3.0,\N
13817,521,3,15.0,\N
13842,523,1,0.0,\N
13860,524,1,0.0,\N
13900,337,6,43.0,\N
13901,337,1,21.0,\N
13902,337,9,16.0,\N
13903,337,131,18.0,\N
13905,337,3,1.0,\N
13909,337,15,0.0,\N
13912,338,1,33.0,\N
13914,338,6,27.0,\N
13915,338,131,11.0,\N
13917,338,3,4.0,\N
13918,338,9,2.0,\N
13920,338,15,0.0,\N
13924,339,9,43.0,\N
13925,339,131,15.0,\N
13928,339,1,12.0,\N
13929,339,6,6.0,\N
13931,339,3,1.0,\N
13935,339,15,0.0,\N
13936,340,1,43.0,\N
13937,340,131,16.0,\N
13938,340,6,14.0,\N
13940,340,9,12.0,\N
13942,340,3,0.0,\N
13947,340,15,0.0,\N
13948,341,9,40.0,\N
13949,341,6,26.0,\N
13950,341,131,12.0,\N
13951,341,1,10.0,\N
13954,341,3,2.0,\N
13956,341,15,0.0,\N
13960,342,9,43.0,\N
13962,342,6,20.0,\N
13963,342,1,10.0,\N
13964,342,131,6.0,\N
13969,342,3,0.0,\N
13970,342,15,0.0,\N
13972,343,1,43.0,\N
13973,343,9,15.0,\N
13974,343,131,22.0,\N
13976,343,6,10.0,\N
13978,343,15,1.0,\N
13980,343,3,0.0,\N
13984,344,1,43.0,\N
13985,344,6,15.0,\N
13986,344,9,22.0,\N
13987,344,131,8.0,\N
13991,344,3,0.0,\N
13995,344,15,0.0,\N
13996,345,9,25.0,\N
13997,345,1,33.0,\N
13998,345,3,12.0,\N
14001,345,15,6.0,\N
14002,345,6,4.0,\N
14004,345,131,1.0,\N
14008,346,9,31.0,\N
14009,346,1,30.0,\N
14010,346,131,17.0,\N
14011,346,3,11.0,\N
14012,346,15,8.0,\N
14016,346,6,0.0,\N
14020,347,6,43.0,\N
14021,347,9,23.0,\N
14022,347,1,22.0,\N
14024,347,131,6.0,\N
14025,347,15,0.0,\N
14026,347,3,0.0,\N
14032,348,9,40.0,\N
14033,348,6,30.0,\N
14035,348,3,9.0,\N
14036,348,15,8.0,\N
14037,348,1,4.0,\N
14038,348,131,0.0,\N
14044,349,1,25.0,\N
14045,349,9,18.0,\N
14047,349,6,12.0,\N
14049,349,131,14.0,\N
14050,349,15,4.0,\N
14052,349,3,0.0,\N
14056,350,6,40.0,\N
14057,350,1,18.0,\N
14058,350,9,20.0,\N
14059,350,131,12.0,\N
14060,350,3,7.0,\N
14064,350,15,0.0,\N
14068,351,6,29.0,\N
14069,351,9,33.0,\N
14070,351,1,12.0,\N
14071,351,131,10.0,\N
14072,351,3,9.0,\N
14078,351,15,0.0,\N
14080,352,9,43.0,\N
14081,352,6,15.0,\N
14082,352,1,22.0,\N
14083,352,131,8.0,\N
14084,352,15,10.0,\N
14085,352,3,2.0,\N
14092,353,6,40.0,\N
14093,353,1,18.0,\N
14094,353,131,12.0,\N
14097,353,3,7.0,\N
14098,353,15,6.0,\N
14102,353,9,0.0,\N
14104,354,9,43.0,\N
14105,354,6,15.0,\N
14106,354,1,22.0,\N
14107,354,131,14.0,\N
14108,354,3,4.0,\N
14110,354,15,1.0,\N
14116,355,9,29.0,\N
14117,355,1,33.0,\N
14118,355,131,12.0,\N
14120,355,6,7.0,\N
14122,355,15,0.0,\N
14123,355,3,0.0,\N
14129,841,9,35.0,\N
14130,841,1,26.0,\N
14132,841,6,18.0,\N
14133,841,15,0.0,\N
14138,841,3,0.0,\N
14139,841,131,0.0,\N
14140,842,9,37.0,\N
14141,842,1,22.0,\N
14143,842,6,18.0,\N
14144,842,15,6.0,\N
14145,842,131,2.0,\N
14151,842,3,0.0,\N
14152,843,1,37.0,\N
14153,843,9,33.0,\N
14154,843,131,14.0,\N
14155,843,6,14.0,\N
14157,843,15,1.0,\N
14159,843,3,0.0,\N
14164,844,9,43.0,\N
14165,844,6,15.0,\N
14166,844,1,20.0,\N
14167,844,131,10.0,\N
14170,844,15,1.0,\N
14172,844,3,0.0,\N
14176,845,9,37.0,\N
14177,845,1,33.0,\N
14178,845,6,10.0,\N
14179,845,131,14.0,\N
14181,845,15,3.0,\N
14184,845,3,0.0,\N
14188,846,9,37.0,\N
14189,846,6,18.0,\N
14190,846,1,23.0,\N
14191,846,15,10.0,\N
14194,846,3,2.0,\N
14196,846,131,0.0,\N
14200,847,1,25.0,\N
14201,847,9,33.0,\N
14202,847,131,12.0,\N
14204,847,6,8.0,\N
14205,847,15,6.0,\N
14207,847,3,2.0,\N
14212,848,9,40.0,\N
14213,848,6,28.0,\N
14214,848,1,20.0,\N
14215,848,131,6.0,\N
14219,848,15,0.0,\N
14220,848,3,0.0,\N
14224,849,6,35.0,\N
14225,849,9,33.0,\N
14226,849,1,12.0,\N
14227,849,131,10.0,\N
14228,849,15,6.0,\N
14232,849,3,0.0,\N
14236,850,1,25.0,\N
14237,850,6,28.0,\N
14238,850,9,27.0,\N
14240,850,131,10.0,\N
14241,850,15,2.0,\N
14244,850,3,0.0,\N
14248,851,1,37.0,\N
14249,851,9,28.0,\N
14250,851,6,23.0,\N
14253,851,131,2.0,\N
14254,851,15,0.0,\N
14256,851,3,0.0,\N
14260,852,9,43.0,\N
14261,852,1,15.0,\N
14262,852,6,16.0,\N
14263,852,131,18.0,\N
14266,852,3,1.0,\N
14267,852,15,0.0,\N
14272,853,9,25.0,\N
14273,853,1,30.0,\N
14274,853,6,23.0,\N
14275,853,131,10.0,\N
14279,853,3,0.0,\N
14283,853,15,0.0,\N
14284,854,9,40.0,\N
14285,854,1,28.0,\N
14286,854,6,14.0,\N
14288,854,131,6.0,\N
14289,854,15,1.0,\N
14290,854,3,0.0,\N
14296,855,1,35.0,\N
14297,855,6,24.0,\N
14298,855,9,27.0,\N
14299,855,131,9.0,\N
14300,855,15,4.0,\N
14303,855,3,0.0,\N
14308,856,9,40.0,\N
14309,856,1,30.0,\N
14310,856,6,18.0,\N
14312,856,131,4.0,\N
14314,856,3,0.0,\N
14317,856,15,0.0,\N
14320,857,9,37.0,\N
14321,857,1,24.0,\N
14322,857,6,15.0,\N
14323,857,131,18.0,\N
14326,857,15,1.0,\N
14329,857,3,0.0,\N
14332,858,1,40.0,\N
14333,858,6,28.0,\N
14334,858,9,12.0,\N
14335,858,131,14.0,\N
14337,858,15,1.0,\N
14338,858,3,0.0,\N
14344,859,9,43.0,\N
14345,859,1,15.0,\N
14346,859,6,22.0,\N
14348,859,131,6.0,\N
14349,859,15,2.0,\N
14352,859,3,0.0,\N
14356,860,1,40.0,\N
14357,860,9,30.0,\N
14358,860,6,10.0,\N
14359,860,15,12.0,\N
14363,860,131,0.0,\N
14364,860,3,0.0,\N
14367,861,6,25.0,\N
14368,861,15,18.0,\N
14369,861,1,15.0,\N
14370,861,9,12.0,\N
14372,861,3,8.0,\N
14375,861,131,1.0,\N
14379,862,131,25.0,\N
14380,862,1,33.0,\N
14381,862,9,22.0,\N
14383,862,3,10.0,\N
14384,862,6,2.0,\N
14385,862,15,1.0,\N
14391,863,9,37.0,\N
14393,863,131,11.0,\N
14395,863,6,8.0,\N
14396,863,1,4.0,\N
14397,863,15,0.0,\N
14402,863,3,0.0,\N
14403,864,3,25.0,\N
14404,864,6,18.0,\N
14406,864,15,10.0,\N
14407,864,9,8.0,\N
14408,864,131,6.0,\N
14409,864,1,6.0,\N
14415,865,9,37.0,\N
14416,865,131,18.0,\N
14417,865,6,23.0,\N
14418,865,1,10.0,\N
14421,865,3,1.0,\N
14422,865,15,0.0,\N
14427,866,1,25.0,\N
14429,866,15,17.0,\N
14430,866,9,18.0,\N
14431,866,6,11.0,\N
14432,866,131,8.0,\N
14434,866,3,0.0,\N
14439,867,6,25.0,\N
14441,867,131,23.0,\N
14442,867,9,12.0,\N
14444,867,1,4.0,\N
14445,867,15,2.0,\N
14446,867,3,1.0,\N
14451,868,9,40.0,\N
14452,868,6,30.0,\N
14454,868,131,6.0,\N
14455,868,1,5.0,\N
14456,868,3,2.0,\N
14457,868,15,0.0,\N
14463,869,6,25.0,\N
14464,869,9,14.0,\N
14465,869,1,18.0,\N
14467,869,15,20.0,\N
14468,869,131,7.0,\N
14471,869,3,0.0,\N
14475,870,1,33.0,\N
14477,870,9,16.0,\N
14478,870,6,12.0,\N
14479,870,3,6.0,\N
14480,870,131,1.0,\N
14482,870,15,0.0,\N
14487,871,1,25.0,\N
14488,871,9,26.0,\N
14491,871,6,10.0,\N
14492,871,131,6.0,\N
14494,871,3,0.0,\N
14495,871,15,0.0,\N
14499,872,1,25.0,\N
14500,872,15,20.0,\N
14501,872,6,27.0,\N
14503,872,131,14.0,\N
14505,872,3,1.0,\N
14510,872,9,0.0,\N
14511,873,9,25.0,\N
14512,873,1,18.0,\N
14513,873,6,19.0,\N
14515,873,131,10.0,\N
14518,873,15,1.0,\N
14524,874,9,27.0,\N
14522,873,3,0.0,\N
14525,874,6,18.0,\N
14526,874,15,15.0,\N
14527,874,1,22.0,\N
14530,874,3,4.0,\N
14532,874,131,0.0,\N
14536,875,9,43.0,\N
14537,875,6,27.0,\N
14541,875,1,1.0,\N
14542,875,15,0.0,\N
14543,875,131,0.0,\N
14544,875,3,0.0,\N
14548,876,9,40.0,\N
14549,876,6,26.0,\N
14550,876,1,22.0,\N
14553,876,3,1.0,\N
14554,876,131,0.0,\N
14556,876,15,0.0,\N
14561,877,6,24.0,\N
14562,877,9,15.0,\N
14563,877,1,12.0,\N
14564,877,3,14.0,\N
14565,877,15,8.0,\N
14568,877,131,0.0,\N
14572,878,1,35.0,\N
14573,878,9,18.0,\N
14574,878,6,27.0,\N
14577,878,3,3.0,\N
14578,878,15,0.0,\N
14580,878,131,0.0,\N
14584,879,1,25.0,\N
14585,879,6,33.0,\N
14586,879,9,20.0,\N
14588,879,131,6.0,\N
14590,879,15,2.0,\N
14595,879,3,0.0,\N
14597,880,6,30.0,\N
14598,880,9,23.0,\N
14599,880,131,10.0,\N
14601,880,1,2.0,\N
14603,880,15,0.0,\N
14604,880,3,0.0,\N
14607,881,9,43.0,\N
14608,881,131,27.0,\N
14609,881,6,10.0,\N
14611,881,15,4.0,\N
14612,881,1,2.0,\N
14614,881,3,0.0,\N
14618,882,6,33.0,\N
14620,882,131,15.0,\N
14621,882,9,12.0,\N
14622,882,1,10.0,\N
14625,882,15,1.0,\N
14626,882,3,0.0,\N
14629,883,9,31.0,\N
14632,883,131,12.0,\N
14633,883,1,9.0,\N
14634,883,6,4.0,\N
14635,883,3,0.0,\N
14636,883,15,0.0,\N
14640,884,6,40.0,\N
14642,884,9,22.0,\N
14643,884,131,8.0,\N
14645,884,1,6.0,\N
14647,884,15,0.0,\N
14648,884,3,0.0,\N
14651,885,131,37.0,\N
14652,885,9,33.0,\N
14654,885,1,8.0,\N
14655,885,6,6.0,\N
14658,885,15,0.0,\N
14659,885,3,0.0,\N
14662,886,9,37.0,\N
14663,886,6,22.0,\N
14664,886,131,25.0,\N
14668,886,1,0.0,\N
14669,886,3,0.0,\N
14672,886,15,0.0,\N
14673,887,131,37.0,\N
14674,887,9,18.0,\N
14675,887,6,23.0,\N
14679,887,15,1.0,\N
14680,887,3,0.0,\N
14681,887,1,0.0,\N
14684,888,9,31.0,\N
14686,888,6,12.0,\N
14687,888,131,12.0,\N
14688,888,1,12.0,\N
14689,888,15,1.0,\N
14692,888,3,0.0,\N
14695,890,131,25.0,\N
14697,890,9,27.0,\N
14698,890,6,14.0,\N
14699,890,1,8.0,\N
14700,890,3,1.0,\N
14701,890,15,0.0,\N
14706,891,9,35.0,\N
14707,891,6,24.0,\N
14708,891,131,27.0,\N
14709,891,1,8.0,\N
14713,891,15,0.0,\N
14714,891,3,0.0,\N
14717,892,9,40.0,\N
14718,892,6,30.0,\N
14719,892,15,10.0,\N
14720,892,131,10.0,\N
14723,892,1,1.0,\N
14724,892,3,0.0,\N
14728,893,9,25.0,\N
14729,893,6,26.0,\N
14731,893,131,22.0,\N
14732,893,1,10.0,\N
14733,893,15,2.0,\N
14735,893,3,0.0,\N
14739,894,9,25.0,\N
14741,894,15,12.0,\N
14742,894,131,16.0,\N
14743,894,6,10.0,\N
14744,894,1,5.0,\N
14745,894,3,0.0,\N
14750,895,9,43.0,\N
14752,895,6,13.0,\N
14753,895,15,14.0,\N
14754,895,131,4.0,\N
14755,895,1,2.0,\N
14758,895,3,0.0,\N
14761,896,9,25.0,\N
14762,896,131,26.0,\N
14764,896,6,12.0,\N
14765,896,1,10.0,\N
14768,896,3,0.0,\N
14769,896,15,0.0,\N
14772,897,9,43.0,\N
14773,897,131,21.0,\N
14775,897,6,14.0,\N
14777,897,1,2.0,\N
14778,897,3,0.0,\N
14779,897,15,0.0,\N
14783,898,9,40.0,\N
14785,898,131,14.0,\N
14786,898,6,10.0,\N
14787,898,15,8.0,\N
14788,898,1,7.0,\N
14789,898,3,4.0,\N
14794,899,9,43.0,\N
14795,899,6,21.0,\N
14796,899,1,20.0,\N
14797,899,131,12.0,\N
14798,899,15,4.0,\N
14802,899,3,0.0,\N
16881,1120,6,18.0,\N
16880,1120,9,38.0,\N
14808,900,131,25.0,\N
14809,900,9,0.0,\N
14810,900,1,33.0,\N
14811,900,6,18.0,\N
14812,900,3,10.0,\N
14815,900,15,0.0,\N
14819,901,131,43.0,\N
14820,901,9,15.0,\N
14821,901,6,12.0,\N
14823,901,1,10.0,\N
14824,901,3,10.0,\N
14829,901,15,0.0,\N
14830,902,131,43.0,\N
14832,902,9,20.0,\N
14833,902,3,10.0,\N
14834,902,6,3.0,\N
14839,902,1,0.0,\N
14840,902,15,0.0,\N
14841,903,131,43.0,\N
14842,903,6,19.0,\N
14843,903,9,22.0,\N
14845,903,3,6.0,\N
14847,903,1,0.0,\N
14849,903,15,0.0,\N
15820,1007,9,25.0,\N
14853,904,131,43.0,\N
14854,904,9,27.0,\N
14855,904,3,10.0,\N
14856,904,6,14.0,\N
14859,904,1,0.0,\N
14861,904,15,0.0,\N
14864,905,131,43.0,\N
14865,905,9,15.0,\N
14866,905,6,12.0,\N
14868,905,1,9.0,\N
14869,905,3,6.0,\N
14873,905,15,0.0,\N
14875,906,9,40.0,\N
14876,906,131,18.0,\N
14877,906,1,14.0,\N
14879,906,6,9.0,\N
14880,906,3,6.0,\N
14882,906,15,0.0,\N
14886,907,131,43.0,\N
14887,907,3,27.0,\N
14888,907,6,11.0,\N
14890,907,1,6.0,\N
14891,907,9,4.0,\N
14893,907,15,0.0,\N
14897,908,131,25.0,\N
14898,908,3,18.0,\N
14899,908,9,25.0,\N
14900,908,1,18.0,\N
14901,908,6,8.0,\N
14905,908,15,0.0,\N
14908,909,131,40.0,\N
14909,909,3,18.0,\N
14910,909,9,20.0,\N
14911,909,6,10.0,\N
14913,909,1,6.0,\N
14916,909,15,0.0,\N
14919,910,9,31.0,\N
14920,910,6,26.0,\N
14921,910,131,27.0,\N
14922,910,3,14.0,\N
14924,910,1,1.0,\N
14925,910,15,0.0,\N
14930,911,9,35.0,\N
14931,911,131,18.0,\N
14932,911,3,15.0,\N
14933,911,6,18.0,\N
14934,911,1,8.0,\N
14937,911,15,0.0,\N
14941,912,131,43.0,\N
14942,912,3,27.0,\N
14943,912,9,18.0,\N
14945,912,1,5.0,\N
14946,912,6,2.0,\N
14949,912,15,0.0,\N
14952,913,131,25.0,\N
14953,913,9,33.0,\N
14954,913,6,16.0,\N
14955,913,3,10.0,\N
14958,913,1,1.0,\N
14962,913,15,0.0,\N
14963,914,131,43.0,\N
14964,914,9,27.0,\N
14965,914,1,10.0,\N
14966,914,3,14.0,\N
14969,914,6,0.0,\N
14970,914,15,0.0,\N
14974,915,131,43.0,\N
14975,915,3,15.0,\N
14976,915,1,22.0,\N
14977,915,6,10.0,\N
14978,915,9,10.0,\N
14981,915,15,0.0,\N
16883,1120,1,18.0,\N
16882,1120,131,17.0,\N
14987,916,131,43.0,\N
14988,916,9,21.0,\N
14989,916,3,22.0,\N
14990,916,6,8.0,\N
14991,916,1,4.0,\N
14994,916,15,0.0,\N
14996,917,131,43.0,\N
14997,917,3,16.0,\N
14998,917,1,14.0,\N
14999,917,9,10.0,\N
15000,917,6,14.0,\N
15004,917,15,0.0,\N
15005,918,131,50.0,\N
15006,918,3,66.0,\N
15007,918,9,32.0,\N
15008,918,1,20.0,\N
15010,918,6,6.0,\N
15013,918,15,0.0,\N
15821,1007,6,33.0,\N
15015,926,131,43.0,\N
15016,926,6,15.0,\N
15017,926,3,12.0,\N
15018,926,15,14.0,\N
15019,926,9,8.0,\N
15022,926,1,0.0,\N
15024,927,6,37.0,\N
15025,927,131,33.0,\N
15026,927,3,18.0,\N
15028,927,9,3.0,\N
15030,927,15,0.0,\N
15033,927,1,0.0,\N
15034,928,131,43.0,\N
15035,928,6,27.0,\N
15036,928,3,18.0,\N
15038,928,15,5.0,\N
15039,928,9,2.0,\N
15041,928,1,0.0,\N
15044,929,131,40.0,\N
15045,929,6,28.0,\N
15046,929,3,13.0,\N
15047,929,9,10.0,\N
15050,929,1,0.0,\N
15051,929,15,0.0,\N
15054,930,131,43.0,\N
15055,930,6,25.0,\N
15056,930,3,20.0,\N
15057,930,9,7.0,\N
15060,930,15,0.0,\N
15062,930,1,0.0,\N
15064,931,131,40.0,\N
15065,931,6,26.0,\N
15066,931,9,22.0,\N
15068,931,1,4.0,\N
15069,931,15,2.0,\N
15072,931,3,0.0,\N
15074,932,131,43.0,\N
15075,932,3,23.0,\N
15076,932,6,22.0,\N
15079,932,9,2.0,\N
15081,932,15,0.0,\N
15083,932,1,0.0,\N
15084,933,131,43.0,\N
15085,933,3,25.0,\N
15086,933,6,12.0,\N
15090,933,9,1.0,\N
15091,933,15,0.0,\N
15093,933,1,0.0,\N
15094,934,131,43.0,\N
15095,934,6,19.0,\N
15096,934,3,22.0,\N
15097,934,9,8.0,\N
15099,934,1,1.0,\N
15100,934,15,0.0,\N
15104,936,6,25.0,\N
15105,936,9,33.0,\N
15107,936,1,12.0,\N
15108,936,131,12.0,\N
15110,936,15,1.0,\N
15111,936,3,0.0,\N
15114,937,131,43.0,\N
15116,937,9,12.0,\N
15118,937,3,10.0,\N
15119,937,6,6.0,\N
15121,937,15,1.0,\N
15122,937,1,0.0,\N
15125,938,131,25.0,\N
15126,938,6,28.0,\N
15127,938,3,27.0,\N
15129,938,9,5.0,\N
15130,938,15,2.0,\N
15132,938,1,0.0,\N
15135,939,6,40.0,\N
15136,939,9,26.0,\N
15137,939,131,12.0,\N
15138,939,3,10.0,\N
15141,939,15,1.0,\N
15144,939,1,0.0,\N
15145,940,131,43.0,\N
15146,940,6,27.0,\N
15147,940,3,10.0,\N
15151,940,1,0.0,\N
15152,940,9,0.0,\N
15153,940,15,0.0,\N
15155,941,131,25.0,\N
15156,941,6,22.0,\N
15158,941,3,12.0,\N
15159,941,9,10.0,\N
15160,941,15,8.0,\N
15162,941,1,2.0,\N
15166,942,131,43.0,\N
15167,942,6,15.0,\N
15170,942,1,8.0,\N
15172,942,15,2.0,\N
15173,942,9,1.0,\N
15175,942,3,0.0,\N
15176,943,131,43.0,\N
15177,943,3,23.0,\N
15178,943,9,22.0,\N
15182,943,15,0.0,\N
15183,943,1,0.0,\N
15185,943,6,0.0,\N
15186,944,131,43.0,\N
15187,944,6,27.0,\N
15188,944,3,10.0,\N
15190,944,9,6.0,\N
15193,944,15,0.0,\N
15194,944,1,0.0,\N
15197,945,131,43.0,\N
15198,945,6,27.0,\N
15200,945,9,9.0,\N
15201,945,3,4.0,\N
15204,945,1,0.0,\N
15205,945,15,0.0,\N
15208,948,131,43.0,\N
15209,948,6,15.0,\N
15210,948,9,12.0,\N
15211,948,3,14.0,\N
15212,948,210,8.0,\N
15216,948,1,0.0,\N
15217,948,15,0.0,\N
15219,949,131,40.0,\N
15220,949,6,18.0,\N
15221,949,9,18.0,\N
15222,949,210,10.0,\N
15224,949,3,6.0,\N
15225,949,1,1.0,\N
15227,949,15,0.0,\N
15230,950,131,31.0,\N
15231,950,6,28.0,\N
15232,950,9,27.0,\N
15233,950,3,9.0,\N
15236,950,1,0.0,\N
15237,950,210,0.0,\N
15238,950,15,0.0,\N
15241,951,131,43.0,\N
15242,951,6,15.0,\N
15243,951,3,22.0,\N
15244,951,1,9.0,\N
15246,951,210,4.0,\N
15248,951,9,0.0,\N
15250,951,15,0.0,\N
15252,952,9,37.0,\N
15253,952,6,33.0,\N
15254,952,3,14.0,\N
15257,952,1,2.0,\N
15258,952,210,0.0,\N
15259,952,15,0.0,\N
15262,952,131,0.0,\N
15263,953,131,31.0,\N
15264,953,9,18.0,\N
15266,953,6,12.0,\N
15267,953,1,12.0,\N
15269,953,3,1.0,\N
15270,953,210,0.0,\N
15272,953,15,0.0,\N
15274,954,131,35.0,\N
15275,954,6,26.0,\N
15276,954,3,15.0,\N
15277,954,9,18.0,\N
15280,954,1,0.0,\N
15281,954,210,0.0,\N
15282,954,15,0.0,\N
15285,955,131,35.0,\N
15286,955,6,30.0,\N
15288,955,3,9.0,\N
15289,955,9,10.0,\N
15290,955,1,0.0,\N
15291,955,15,0.0,\N
15292,955,210,0.0,\N
15296,956,131,37.0,\N
15297,956,9,28.0,\N
15298,956,6,15.0,\N
15299,956,1,8.0,\N
15300,956,210,6.0,\N
15302,956,3,2.0,\N
15305,956,15,0.0,\N
15307,957,131,40.0,\N
15308,957,9,30.0,\N
15309,957,6,12.0,\N
15312,957,3,0.0,\N
15313,957,1,0.0,\N
15314,957,15,0.0,\N
15315,957,210,0.0,\N
15318,958,131,43.0,\N
15319,958,9,25.0,\N
15320,958,6,20.0,\N
15321,958,1,6.0,\N
15323,958,3,2.0,\N
15326,958,210,0.0,\N
15327,958,15,0.0,\N
15329,959,131,37.0,\N
15330,959,9,33.0,\N
15331,959,6,18.0,\N
15333,959,1,4.0,\N
15334,959,3,2.0,\N
15335,959,210,0.0,\N
15339,959,15,0.0,\N
15340,960,131,40.0,\N
15341,960,9,18.0,\N
15343,960,6,10.0,\N
15344,960,1,6.0,\N
15345,960,3,5.0,\N
15346,960,210,0.0,\N
15350,960,15,0.0,\N
15351,961,131,43.0,\N
15352,961,6,27.0,\N
15353,961,9,16.0,\N
15354,961,3,10.0,\N
15356,961,210,0.0,\N
15357,961,1,0.0,\N
15359,961,15,0.0,\N
15362,962,131,40.0,\N
15363,962,9,26.0,\N
15364,962,6,22.0,\N
15365,962,1,6.0,\N
15369,962,210,0.0,\N
15370,962,3,0.0,\N
15371,962,15,0.0,\N
15373,963,9,43.0,\N
15374,963,131,15.0,\N
15375,963,6,12.0,\N
15376,963,3,10.0,\N
15378,963,1,8.0,\N
15381,963,15,0.0,\N
15383,963,210,0.0,\N
15384,964,131,40.0,\N
15385,964,9,26.0,\N
15386,964,6,22.0,\N
15388,964,3,3.0,\N
15389,964,210,0.0,\N
15392,964,15,0.0,\N
15393,964,1,0.0,\N
15395,965,131,43.0,\N
15396,965,9,15.0,\N
15397,965,6,12.0,\N
15398,965,1,12.0,\N
15400,965,3,6.0,\N
15402,965,210,1.0,\N
15404,965,15,0.0,\N
15406,966,131,43.0,\N
15407,966,6,18.0,\N
15408,966,9,27.0,\N
15410,966,3,6.0,\N
15411,966,15,0.0,\N
15412,966,1,0.0,\N
15415,966,210,0.0,\N
15417,967,131,43.0,\N
15418,967,9,19.0,\N
15420,967,6,10.0,\N
15422,967,15,2.0,\N
15423,967,1,1.0,\N
15424,967,3,0.0,\N
15427,967,210,0.0,\N
15428,968,131,43.0,\N
15429,968,6,23.0,\N
15430,968,9,22.0,\N
15432,968,3,2.0,\N
15433,968,1,1.0,\N
15434,968,210,0.0,\N
15436,968,15,0.0,\N
15439,969,6,37.0,\N
15440,969,131,33.0,\N
15441,969,9,10.0,\N
15442,969,3,8.0,\N
15446,969,15,0.0,\N
15447,969,1,0.0,\N
15448,969,210,0.0,\N
15449,970,131,33.0,\N
15450,970,6,28.0,\N
15451,970,9,27.0,\N
15453,970,210,4.0,\N
15456,970,3,0.0,\N
15457,970,15,0.0,\N
15458,970,1,0.0,\N
15459,971,6,37.0,\N
15460,971,131,33.0,\N
15461,971,9,10.0,\N
15462,971,3,8.0,\N
15464,971,210,4.0,\N
15466,971,15,0.0,\N
15468,971,1,0.0,\N
15469,972,131,37.0,\N
15470,972,6,33.0,\N
15471,972,9,10.0,\N
15474,972,3,2.0,\N
15476,972,210,0.0,\N
15477,972,1,0.0,\N
15478,972,15,0.0,\N
15479,973,131,25.0,\N
15480,973,6,18.0,\N
15481,973,9,15.0,\N
15485,973,15,4.0,\N
15486,973,210,1.0,\N
15487,973,1,0.0,\N
15488,973,3,0.0,\N
15489,974,6,43.0,\N
15490,974,9,25.0,\N
15491,974,131,18.0,\N
15493,974,210,5.0,\N
15494,974,3,2.0,\N
15497,974,1,0.0,\N
15498,974,15,0.0,\N
15499,975,131,43.0,\N
15500,975,9,15.0,\N
15501,975,6,18.0,\N
15504,975,3,2.0,\N
15505,975,210,1.0,\N
15506,975,15,0.0,\N
15507,975,1,0.0,\N
15509,976,9,25.0,\N
15510,976,131,28.0,\N
15511,976,3,15.0,\N
15512,976,6,12.0,\N
15514,976,210,6.0,\N
15516,976,1,2.0,\N
15517,976,15,1.0,\N
15520,977,131,37.0,\N
15521,977,6,28.0,\N
15522,977,9,15.0,\N
15523,977,210,8.0,\N
15525,977,3,3.0,\N
15527,977,1,0.0,\N
15528,977,15,0.0,\N
15530,978,131,43.0,\N
15531,978,6,21.0,\N
15532,978,9,22.0,\N
15535,978,3,1.0,\N
15536,978,1,0.0,\N
15537,978,210,0.0,\N
15538,978,15,0.0,\N
15540,979,6,43.0,\N
15541,979,131,27.0,\N
15542,979,9,10.0,\N
15543,979,1,9.0,\N
15547,979,210,0.0,\N
15548,979,3,0.0,\N
15549,979,15,0.0,\N
15550,980,131,35.0,\N
15551,980,6,30.0,\N
15552,980,9,15.0,\N
15554,980,210,6.0,\N
15555,980,3,4.0,\N
15558,980,1,0.0,\N
15559,980,15,0.0,\N
15560,981,131,43.0,\N
15561,981,6,25.0,\N
15562,981,9,13.0,\N
15564,981,3,10.0,\N
15565,981,210,0.0,\N
15568,981,15,0.0,\N
15569,981,1,0.0,\N
15570,982,131,40.0,\N
15571,982,9,18.0,\N
15575,982,1,6.0,\N
15576,982,3,4.0,\N
15577,982,210,2.0,\N
15578,982,15,0.0,\N
15579,982,6,0.0,\N
15580,983,9,40.0,\N
15581,983,131,28.0,\N
15582,983,6,12.0,\N
15584,983,1,6.0,\N
15585,983,3,6.0,\N
15586,983,210,0.0,\N
15589,983,15,0.0,\N
15590,984,131,37.0,\N
15591,984,9,33.0,\N
15592,984,6,10.0,\N
15594,984,210,6.0,\N
15595,984,3,1.0,\N
15596,984,1,0.0,\N
15599,984,15,0.0,\N
15600,985,131,35.0,\N
15601,985,6,33.0,\N
15602,985,9,12.0,\N
15605,985,3,2.0,\N
15607,985,1,0.0,\N
15608,985,210,0.0,\N
15609,985,15,0.0,\N
15610,986,9,25.0,\N
15611,986,131,20.0,\N
15612,986,6,27.0,\N
15614,986,3,8.0,\N
15615,986,210,4.0,\N
15616,986,1,1.0,\N
15618,986,15,0.0,\N
15620,987,6,40.0,\N
15621,987,131,30.0,\N
15622,987,9,18.0,\N
15623,987,3,6.0,\N
15624,987,1,4.0,\N
15628,987,15,0.0,\N
15629,987,210,0.0,\N
15630,988,131,43.0,\N
15631,988,6,27.0,\N
15632,988,9,10.0,\N
15635,988,1,2.0,\N
15636,988,3,1.0,\N
15637,988,210,0.0,\N
15638,988,15,0.0,\N
15640,989,6,40.0,\N
15641,989,131,22.0,\N
15642,989,9,20.0,\N
15643,989,1,12.0,\N
15646,989,15,0.0,\N
15647,989,3,0.0,\N
15649,989,210,0.0,\N
15650,990,6,25.0,\N
15651,990,131,33.0,\N
15653,990,210,10.0,\N
15655,990,1,10.0,\N
15656,990,15,2.0,\N
15658,990,3,0.0,\N
15659,990,9,0.0,\N
15660,991,9,35.0,\N
15661,991,131,30.0,\N
15662,991,6,19.0,\N
15664,991,1,6.0,\N
15665,991,210,1.0,\N
15667,991,3,0.0,\N
15668,991,15,0.0,\N
15670,992,131,25.0,\N
15671,992,6,30.0,\N
15674,992,15,8.0,\N
15675,992,1,8.0,\N
15676,992,3,4.0,\N
15678,992,210,0.0,\N
15679,992,9,0.0,\N
15680,993,131,43.0,\N
15681,993,9,25.0,\N
15682,993,6,12.0,\N
15683,993,210,8.0,\N
15685,993,1,4.0,\N
15687,993,15,1.0,\N
15688,993,3,0.0,\N
15690,994,9,27.0,\N
15691,994,6,30.0,\N
15692,994,131,25.0,\N
15696,994,15,0.0,\N
15697,994,210,0.0,\N
15698,994,1,0.0,\N
15699,994,3,0.0,\N
15700,995,6,33.0,\N
15701,995,131,28.0,\N
15702,995,9,27.0,\N
15705,995,15,1.0,\N
15707,995,210,0.0,\N
15708,995,1,0.0,\N
15709,995,3,0.0,\N
15710,996,131,31.0,\N
15711,996,9,30.0,\N
15712,996,6,25.0,\N
15713,996,210,8.0,\N
15715,996,15,1.0,\N
15716,996,1,0.0,\N
15718,996,3,0.0,\N
15720,997,9,25.0,\N
15721,997,6,33.0,\N
15722,997,210,22.0,\N
15724,997,1,4.0,\N
15725,997,15,3.0,\N
15728,997,3,0.0,\N
15729,997,131,0.0,\N
15730,998,6,40.0,\N
15731,998,131,30.0,\N
15732,998,9,10.0,\N
15735,998,1,4.0,\N
15736,998,210,2.0,\N
15737,998,3,0.0,\N
15739,998,15,0.0,\N
15740,999,131,43.0,\N
15741,999,6,15.0,\N
15742,999,9,12.0,\N
15744,999,210,8.0,\N
15746,999,15,2.0,\N
15748,999,1,0.0,\N
15749,999,3,0.0,\N
15750,1000,131,35.0,\N
15751,1000,6,33.0,\N
15752,1000,9,12.0,\N
15754,1000,210,7.0,\N
15755,1000,1,4.0,\N
15758,1000,15,0.0,\N
15759,1000,3,0.0,\N
15760,1001,6,25.0,\N
15761,1001,131,30.0,\N
15762,1001,9,15.0,\N
15764,1001,210,10.0,\N
15766,1001,15,1.0,\N
15768,1001,3,0.0,\N
15769,1001,1,0.0,\N
15770,1002,131,40.0,\N
15771,1002,6,30.0,\N
15772,1002,9,10.0,\N
15773,1002,210,0.0,\N
15776,1002,3,3.0,\N
15777,1002,15,0.0,\N
15778,1002,1,0.0,\N
15780,1003,131,37.0,\N
15781,1003,9,26.0,\N
15782,1003,6,25.0,\N
15783,1003,1,6.0,\N
15785,1003,15,2.0,\N
15787,1003,3,0.0,\N
15788,1003,210,0.0,\N
15790,1004,131,43.0,\N
15791,1004,6,27.0,\N
15792,1004,9,18.0,\N
15793,1004,15,6.0,\N
15794,1004,210,4.0,\N
15797,1004,1,0.0,\N
15798,1004,3,0.0,\N
15800,1005,131,43.0,\N
15801,1005,9,27.0,\N
15802,1005,6,18.0,\N
15804,1005,210,4.0,\N
15807,1005,15,0.0,\N
15808,1005,1,0.0,\N
15809,1005,3,0.0,\N
15810,1006,6,37.0,\N
15811,1006,9,18.0,\N
15812,1006,131,25.0,\N
15815,1006,210,0.0,\N
15817,1006,15,1.0,\N
15818,1006,1,0.0,\N
15819,1006,3,0.0,\N
15822,1007,131,22.0,\N
15824,1007,15,8.0,\N
15825,1007,1,4.0,\N
15828,1007,3,0.0,\N
15829,1007,210,0.0,\N
15830,1008,131,35.0,\N
15831,1008,9,30.0,\N
15832,1008,6,23.0,\N
15833,1008,15,6.0,\N
15834,1008,210,6.0,\N
15838,1008,1,0.0,\N
15839,1008,3,0.0,\N
15840,1009,131,35.0,\N
15841,1009,6,18.0,\N
15842,1009,9,27.0,\N
15844,1009,15,6.0,\N
15846,1009,210,3.0,\N
15847,1009,1,0.0,\N
15849,1009,3,0.0,\N
15850,1010,131,44.0,\N
15851,1010,9,15.0,\N
15852,1010,6,22.0,\N
15853,1010,210,8.0,\N
15858,1010,1,0.0,\N
15859,1010,3,0.0,\N
15860,1011,131,43.0,\N
15861,1011,6,26.0,\N
15862,1011,9,16.0,\N
15863,1011,1,8.0,\N
15866,1011,210,0.0,\N
15867,1011,3,0.0,\N
15870,1012,131,43.0,\N
15871,1012,6,25.0,\N
15872,1012,9,21.0,\N
15877,1012,210,0.0,\N
15878,1012,1,0.0,\N
15879,1012,3,0.0,\N
15880,1013,131,43.0,\N
15881,1013,6,26.0,\N
15882,1013,9,12.0,\N
15884,1013,1,10.0,\N
15887,1013,210,0.0,\N
15889,1013,3,0.0,\N
15890,1014,131,44.0,\N
15891,1014,9,23.0,\N
15892,1014,6,22.0,\N
15893,1014,210,7.0,\N
15894,1014,1,4.0,\N
15899,1014,3,0.0,\N
15900,1015,131,40.0,\N
15901,1015,6,18.0,\N
15902,1015,9,23.0,\N
15903,1015,1,8.0,\N
15906,1015,210,1.0,\N
15908,1015,3,0.0,\N
15910,1016,131,38.0,\N
15911,1016,6,33.0,\N
15912,1016,9,14.0,\N
15916,1016,1,0.0,\N
15918,1016,210,0.0,\N
15919,1016,3,0.0,\N
15920,1017,131,43.0,\N
15921,1017,6,26.0,\N
15922,1017,9,13.0,\N
15923,1017,1,10.0,\N
15928,1017,210,0.0,\N
15929,1017,3,0.0,\N
15930,1018,9,32.0,\N
15931,1018,6,30.0,\N
15932,1018,131,25.0,\N
15933,1018,1,12.0,\N
15938,1018,210,0.0,\N
15939,1018,3,0.0,\N
15940,1019,131,44.0,\N
15941,1019,6,15.0,\N
15942,1019,9,22.0,\N
15943,1019,1,8.0,\N
15948,1019,3,0.0,\N
15949,1019,210,0.0,\N
15950,1020,9,26.0,\N
15951,1020,6,18.0,\N
15954,1020,1,10.0,\N
15956,1020,210,10.0,\N
15957,1020,131,2.0,\N
15958,1020,3,1.0,\N
15960,1021,131,29.0,\N
15961,1021,9,27.0,\N
15962,1021,6,27.0,\N
15963,1021,1,12.0,\N
15968,1021,210,0.0,\N
15969,1021,3,0.0,\N
15970,1022,6,38.0,\N
15971,1022,131,33.0,\N
15972,1022,9,10.0,\N
15976,1022,1,0.0,\N
15977,1022,210,0.0,\N
15978,1022,3,0.0,\N
15980,1023,6,25.0,\N
15981,1023,131,34.0,\N
15983,1023,9,12.0,\N
15986,1023,1,1.0,\N
15988,1023,3,0.0,\N
15989,1023,210,0.0,\N
15990,1024,6,43.0,\N
15991,1024,9,23.0,\N
15992,1024,131,22.0,\N
15993,1024,1,6.0,\N
15997,1024,210,0.0,\N
15999,1024,3,0.0,\N
16000,1025,131,44.0,\N
16001,1025,6,15.0,\N
16002,1025,9,22.0,\N
16003,1025,1,12.0,\N
16005,1025,210,2.0,\N
16009,1025,3,0.0,\N
16010,1026,131,41.0,\N
16011,1026,6,26.0,\N
16012,1026,9,12.0,\N
16013,1026,1,10.0,\N
16018,1026,210,0.0,\N
16019,1026,3,0.0,\N
16020,1027,131,40.0,\N
16021,1027,6,31.0,\N
16022,1027,9,18.0,\N
16026,1027,1,0.0,\N
16028,1027,210,0.0,\N
16029,1027,3,0.0,\N
16030,1028,131,43.0,\N
16031,1028,9,25.0,\N
16032,1028,6,13.0,\N
16034,1028,1,10.0,\N
16038,1028,210,0.0,\N
16039,1028,3,0.0,\N
16040,1029,9,25.0,\N
16042,1029,1,19.0,\N
16045,1029,131,6.0,\N
16047,1029,210,0.0,\N
16048,1029,3,0.0,\N
16049,1029,6,0.0,\N
16050,1030,131,38.0,\N
16051,1030,9,26.0,\N
16052,1030,6,25.0,\N
16054,1030,1,5.0,\N
16058,1030,210,0.0,\N
16059,1030,3,0.0,\N
16060,1031,131,37.0,\N
16061,1031,6,19.0,\N
16062,1031,1,26.0,\N
16067,1031,3,0.0,\N
16068,1031,9,0.0,\N
16069,1031,210,0.0,\N
16070,1032,131,43.0,\N
16071,1032,9,27.0,\N
16072,1032,1,13.0,\N
16077,1032,210,0.0,\N
16078,1032,3,0.0,\N
16079,1032,6,0.0,\N
16080,1033,131,41.0,\N
16081,1033,9,28.0,\N
16083,1033,6,8.0,\N
16085,1033,210,1.0,\N
16086,1033,1,2.0,\N
16089,1033,3,0.0,\N
16090,1034,131,25.0,\N
16091,1034,9,23.0,\N
16092,1034,6,16.0,\N
16094,1034,1,10.0,\N
16097,1034,3,0.0,\N
16099,1034,210,0.0,\N
16100,1035,9,35.0,\N
16101,1035,131,34.0,\N
16102,1035,6,12.0,\N
16105,1035,1,2.0,\N
16108,1035,210,0.0,\N
16109,1035,3,0.0,\N
16110,1036,131,41.0,\N
16111,1036,9,22.0,\N
16113,1036,1,9.0,\N
16114,1036,6,6.0,\N
16118,1036,210,0.0,\N
16119,1036,3,0.0,\N
16120,1037,131,43.0,\N
16121,1037,9,23.0,\N
16123,1037,1,6.0,\N
16127,1037,6,0.0,\N
16128,1037,210,0.0,\N
16129,1037,3,0.0,\N
16131,1038,1,30.0,\N
16133,1038,131,17.0,\N
16135,1038,3,0.0,\N
16136,1038,210,0.0,\N
16138,1038,9,0.0,\N
16139,1038,6,0.0,\N
16140,1039,131,44.0,\N
16141,1039,9,15.0,\N
16144,1039,1,8.0,\N
16146,1039,6,5.0,\N
16148,1039,3,0.0,\N
16149,1039,210,0.0,\N
16150,1040,131,41.0,\N
16151,1040,9,19.0,\N
16154,1040,6,8.0,\N
16157,1040,210,0.0,\N
16158,1040,1,0.0,\N
16159,1040,3,0.0,\N
16160,1041,131,25.0,\N
16161,1041,9,19.0,\N
16164,1041,1,10.0,\N
16166,1041,6,6.0,\N
16167,1041,210,2.0,\N
16169,1041,3,0.0,\N
16170,1042,131,44.0,\N
16171,1042,9,15.0,\N
16172,1042,6,13.0,\N
16174,1042,1,8.0,\N
16178,1042,3,0.0,\N
16179,1042,210,0.0,\N
16180,1043,131,44.0,\N
16183,1043,6,10.0,\N
16185,1043,1,10.0,\N
16187,1043,3,0.0,\N
16188,1043,210,0.0,\N
16189,1043,9,0.0,\N
16190,1044,131,25.0,\N
16192,1044,6,27.0,\N
16193,1044,1,15.0,\N
16194,1044,9,14.0,\N
16198,1044,3,0.0,\N
16199,1044,210,0.0,\N
16200,1045,131,29.0,\N
16201,1045,9,34.0,\N
16202,1045,1,22.0,\N
16205,1045,6,1.0,\N
16206,1045,3,0.0,\N
16208,1045,210,0.0,\N
16212,1046,1,13.0,\N
16213,1046,9,8.0,\N
16215,1046,131,7.0,\N
16216,1046,6,0.0,\N
16218,1046,210,0.0,\N
16219,1046,3,0.0,\N
16220,1047,9,37.0,\N
16221,1047,131,33.0,\N
16222,1047,1,18.0,\N
16227,1047,6,0.0,\N
16228,1047,3,0.0,\N
16229,1047,210,0.0,\N
16230,1052,131,41.0,\N
16231,1052,9,28.0,\N
16232,1052,1,18.0,\N
16233,1052,6,12.0,\N
16235,1052,117,1.0,\N
16237,1052,214,0.0,\N
16238,1052,3,0.0,\N
16239,1052,210,0.0,\N
16240,1053,9,25.0,\N
16241,1053,131,19.0,\N
16242,1053,1,23.0,\N
16243,1053,6,22.0,\N
16244,1053,117,4.0,\N
16247,1053,214,3.0,\N
16248,1053,210,0.0,\N
16249,1053,3,0.0,\N
16250,1054,131,41.0,\N
16251,1054,9,30.0,\N
16252,1054,1,12.0,\N
16253,1054,6,8.0,\N
16254,1054,214,10.0,\N
16257,1054,117,0.0,\N
16258,1054,3,0.0,\N
16259,1054,210,0.0,\N
16260,1055,131,40.0,\N
16261,1055,9,29.0,\N
16262,1055,6,18.0,\N
16263,1055,1,12.0,\N
16264,1055,214,2.0,\N
16266,1055,117,0.0,\N
16268,1055,3,0.0,\N
16269,1055,210,0.0,\N
16270,1056,6,18.0,\N
16271,1056,9,37.0,\N
16272,1056,1,15.0,\N
16273,1056,117,14.0,\N
16275,1056,131,7.0,\N
16276,1056,214,2.0,\N
16278,1056,3,0.0,\N
16279,1056,210,0.0,\N
16280,1057,9,25.0,\N
16281,1057,117,18.0,\N
16283,1057,6,16.0,\N
16284,1057,1,12.0,\N
16285,1057,214,8.0,\N
16287,1057,131,0.0,\N
16288,1057,210,0.0,\N
16289,1057,3,0.0,\N
16290,1059,9,41.0,\N
16291,1059,131,30.0,\N
16292,1059,1,18.0,\N
16294,1059,214,4.0,\N
16295,1059,117,3.0,\N
16296,1059,6,0.0,\N
16297,1059,3,0.0,\N
16299,1059,210,0.0,\N
16300,1058,9,37.0,\N
16301,1058,131,34.0,\N
16302,1058,1,10.0,\N
16303,1058,6,14.0,\N
16304,1058,117,4.0,\N
16305,1058,214,2.0,\N
16308,1058,210,0.0,\N
16309,1058,3,0.0,\N
16310,1060,9,34.0,\N
16311,1060,131,30.0,\N
16312,1060,1,21.0,\N
16313,1060,6,14.0,\N
16315,1060,214,1.0,\N
16316,1060,3,0.0,\N
16317,1060,117,0.0,\N
16319,1060,210,0.0,\N
16320,1061,131,43.0,\N
16321,1061,6,26.0,\N
16322,1061,1,22.0,\N
16323,1061,214,8.0,\N
16324,1061,117,4.0,\N
16326,1061,3,0.0,\N
16328,1061,9,3.0,\N
16329,1061,210,0.0,\N
16330,1062,214,37.0,\N
16331,1062,117,0.0,\N
16332,1062,131,18.0,\N
16333,1062,6,15.0,\N
16335,1062,3,10.0,\N
16336,1062,9,2.0,\N
16338,1062,1,0.0,\N
16339,1062,210,0.0,\N
16340,1063,9,12.5,\N
16341,1063,3,10.0,\N
16342,1063,131,7.5,\N
16343,1063,1,6.0,\N
16344,1063,117,5.0,\N
16346,1063,214,3.0,\N
16347,1063,6,2.5,\N
16349,1063,210,0.0,\N
16350,1064,9,29.0,\N
16351,1064,131,34.0,\N
16353,1064,6,16.0,\N
16354,1064,214,10.0,\N
16355,1064,1,1.0,\N
16356,1064,117,0.0,\N
16358,1064,3,0.0,\N
16359,1064,210,0.0,\N
16360,1065,1,45.0,\N
16361,1065,131,18.0,\N
16362,1065,6,20.0,\N
16363,1065,9,12.0,\N
16364,1065,117,6.0,\N
16365,1065,214,5.0,\N
16366,1065,3,2.0,\N
16368,1065,210,0.0,\N
16370,1066,131,35.0,\N
16371,1066,9,20.0,\N
16372,1066,6,15.0,\N
16373,1066,1,19.0,\N
16374,1066,214,8.0,\N
16376,1066,3,1.0,\N
16377,1066,117,0.0,\N
16379,1066,210,0.0,\N
16380,1067,131,36.0,\N
16381,1067,9,33.0,\N
16382,1067,6,16.0,\N
16384,1067,1,6.0,\N
16385,1067,117,2.0,\N
16386,1067,214,1.0,\N
16388,1067,3,0.0,\N
16389,1067,210,0.0,\N
16390,1069,9,40.0,\N
16391,1069,131,27.0,\N
16392,1069,6,18.0,\N
16393,1069,1,14.0,\N
16395,1069,117,1.0,\N
16397,1069,3,0.0,\N
16398,1069,210,0.0,\N
16399,1069,214,0.0,\N
16400,1070,9,40.0,\N
16401,1070,131,18.0,\N
16403,1070,6,18.0,\N
16404,1070,117,6.0,\N
16406,1070,214,2.0,\N
16407,1070,1,1.0,\N
16408,1070,3,0.0,\N
16409,1070,210,0.0,\N
16410,1071,131,43.0,\N
16411,1071,9,33.0,\N
16412,1071,6,19.0,\N
16414,1071,214,6.0,\N
16415,1071,1,1.0,\N
16416,1071,117,0.0,\N
16418,1071,3,0.0,\N
16419,1071,210,0.0,\N
16420,1051,131,25.0,\N
16421,1051,9,31.0,\N
16422,1051,214,25.0,\N
16423,1051,117,9.0,\N
16424,1051,6,10.0,\N
16425,1051,1,2.0,\N
16428,1051,210,0.0,\N
16429,1051,3,0.0,\N
16430,1072,131,41.0,\N
16431,1072,9,18.0,\N
16432,1072,214,12.0,\N
16433,1072,1,11.0,\N
16435,1072,6,10.0,\N
16437,1072,117,0.0,\N
16438,1072,3,0.0,\N
16439,1072,210,0.0,\N
16440,1073,9,26.0,\N
16441,1073,131,26.0,\N
16442,1073,6,16.0,\N
16444,1073,1,6.0,\N
16445,1073,214,6.0,\N
16446,1073,117,0.0,\N
16447,1073,210,0.0,\N
16448,1073,3,0.0,\N
16450,1074,6,44.0,\N
16451,1074,131,27.0,\N
16452,1074,210,10.0,\N
16454,1074,214,8.0,\N
16456,1074,117,0.0,\N
16457,1074,3,0.0,\N
16458,1074,1,0.0,\N
16459,1074,9,0.0,\N
16460,1075,9,37.0,\N
16461,1075,6,34.0,\N
16462,1075,131,11.0,\N
16463,1075,214,8.0,\N
16464,1075,1,6.0,\N
16466,1075,210,2.0,\N
16468,1075,117,0.0,\N
16469,1075,3,0.0,\N
16470,1076,6,26.0,\N
16471,1076,9,18.0,\N
16472,1076,131,27.0,\N
16473,1076,1,18.0,\N
16474,1076,214,6.0,\N
16477,1076,3,1.0,\N
16478,1076,117,0.0,\N
16479,1076,210,0.0,\N
16480,1077,9,58.0,\N
16481,1077,1,22.0,\N
16482,1077,131,12.0,\N
16484,1077,6,20.0,\N
16486,1077,117,5.0,\N
16487,1077,210,3.0,\N
16488,1077,3,0.0,\N
16489,1077,214,0.0,\N
16490,1078,9,38.0,\N
16491,1078,6,33.0,\N
16492,1078,131,18.0,\N
16494,1078,214,4.0,\N
16495,1078,3,2.0,\N
16496,1078,117,1.0,\N
16498,1078,1,0.0,\N
16499,1078,210,0.0,\N
16500,1079,9,44.0,\N
16501,1079,131,25.0,\N
16502,1079,6,12.0,\N
16504,1079,214,8.0,\N
16505,1079,1,4.0,\N
16507,1079,117,0.0,\N
16508,1079,210,0.0,\N
16509,1079,3,0.0,\N
16510,1080,9,40.0,\N
16511,1080,6,30.0,\N
16512,1080,131,14.0,\N
16513,1080,1,9.0,\N
16514,1080,214,6.0,\N
16516,1080,117,1.0,\N
16518,1080,3,0.0,\N
16519,1080,210,0.0,\N
16520,1081,9,44.0,\N
16521,1081,131,27.0,\N
16523,1081,117,8.0,\N
16524,1081,214,7.0,\N
16525,1081,1,6.0,\N
16527,1081,3,0.0,\N
16528,1081,210,0.0,\N
16529,1081,6,0.0,\N
16530,1082,9,25.0,\N
16531,1082,6,29.0,\N
16532,1082,131,27.0,\N
16533,1082,214,10.0,\N
16535,1082,117,1.0,\N
16536,1082,1,0.0,\N
16537,1082,3,0.0,\N
16539,1082,210,0.0,\N
16540,1083,6,37.0,\N
16541,1083,9,24.0,\N
16542,1083,131,16.0,\N
16543,1083,214,10.0,\N
16544,1083,1,8.0,\N
16545,1083,210,5.0,\N
16546,1083,117,2.0,\N
16547,1083,3,0.0,\N
16550,1084,6,38.0,\N
16551,1084,9,31.0,\N
16552,1084,131,33.0,\N
16553,1084,214,14.0,\N
16554,1084,210,14.0,\N
16555,1084,1,8.0,\N
16557,1084,3,0.0,\N
16558,1084,117,0.0,\N
16560,1085,9,37.0,\N
16561,1085,131,33.0,\N
16562,1085,6,11.0,\N
16563,1085,214,12.0,\N
16564,1085,1,8.0,\N
16565,1085,117,1.0,\N
16567,1085,3,0.0,\N
16569,1085,210,0.0,\N
16570,1086,9,35.0,\N
16571,1086,131,34.0,\N
16572,1086,6,20.0,\N
16573,1086,1,6.0,\N
16574,1086,214,6.0,\N
16575,1086,117,1.0,\N
16578,1086,210,0.0,\N
16579,1086,3,0.0,\N
16580,1087,9,44.0,\N
16581,1087,6,23.0,\N
16582,1087,131,12.0,\N
16583,1087,214,16.0,\N
16584,1087,117,4.0,\N
16586,1087,3,1.0,\N
16587,1087,1,0.0,\N
16589,1087,210,0.0,\N
16590,1088,9,36.0,\N
16591,1088,131,30.0,\N
16592,1088,6,19.0,\N
16593,1088,214,10.0,\N
16594,1088,1,6.0,\N
16595,1088,117,1.0,\N
16597,1088,3,0.0,\N
16598,1088,210,0.0,\N
16600,1089,9,34.0,\N
16601,1089,6,30.0,\N
16602,1089,131,25.0,\N
16603,1089,1,6.0,\N
16605,1089,3,2.0,\N
16607,1089,214,0.0,\N
16608,1089,210,0.0,\N
16609,1089,117,0.0,\N
16610,1091,9,31.0,\N
16611,1091,6,33.0,\N
16612,1091,1,22.0,\N
16613,1091,117,12.0,\N
16614,1091,131,2.0,\N
16617,1091,210,0.0,\N
16618,1091,214,0.0,\N
16619,1091,3,0.0,\N
16620,1092,9,43.0,\N
16621,1092,6,15.0,\N
16622,1092,214,18.0,\N
16623,1092,131,14.0,\N
16624,1092,117,8.0,\N
16625,1092,3,2.0,\N
16626,1092,1,1.0,\N
16628,1092,210,0.0,\N
16630,1093,9,37.0,\N
16631,1093,131,29.0,\N
16632,1093,6,15.0,\N
16633,1093,1,8.0,\N
16634,1093,117,4.0,\N
16635,1093,210,2.0,\N
16637,1093,214,6.0,\N
16639,1093,3,0.0,\N
16640,1094,9,40.0,\N
16641,1094,131,31.0,\N
16642,1094,6,18.0,\N
16643,1094,1,8.0,\N
16644,1094,214,4.0,\N
16647,1094,3,0.0,\N
16648,1094,117,0.0,\N
16649,1094,210,0.0,\N
16650,1095,131,58.0,\N
16651,1095,6,37.0,\N
16652,1095,214,14.0,\N
16653,1095,9,23.0,\N
16655,1095,117,1.0,\N
16656,1095,210,1.0,\N
16658,1095,3,0.0,\N
16659,1095,1,2.0,\N
16660,1096,9,40.0,\N
16661,1096,6,30.0,\N
16662,1096,131,10.0,\N
16663,1096,1,11.0,\N
16664,1096,214,6.0,\N
16665,1096,117,5.0,\N
16668,1096,3,0.0,\N
16669,1096,210,0.0,\N
16670,1098,9,43.0,\N
16671,1098,117,23.0,\N
16672,1098,6,12.0,\N
16673,1098,131,16.0,\N
16675,1098,214,2.0,\N
16676,1098,3,1.0,\N
16678,1098,210,0.0,\N
16679,1098,1,0.0,\N
16680,1099,9,44.0,\N
16681,1099,131,22.0,\N
16682,1099,117,15.0,\N
16683,1099,6,14.0,\N
16684,1099,214,6.0,\N
16685,1099,210,1.0,\N
16688,1099,1,0.0,\N
16689,1099,3,0.0,\N
16690,1100,9,36.0,\N
16691,1100,131,18.0,\N
16692,1100,117,27.0,\N
16693,1100,1,12.0,\N
16694,1100,210,6.0,\N
16697,1100,6,0.0,\N
16698,1100,214,0.0,\N
16699,1100,3,0.0,\N
16700,1101,9,57.0,\N
16701,1101,6,36.0,\N
16702,1101,117,22.0,\N
16703,1101,131,20.0,\N
16704,1101,1,2.0,\N
16706,1101,3,0.0,\N
16707,1101,210,0.0,\N
16708,1101,214,0.0,\N
16710,1102,9,44.0,\N
16711,1102,117,15.0,\N
16712,1102,131,20.0,\N
16713,1102,6,16.0,\N
16714,1102,214,6.0,\N
16715,1102,210,1.0,\N
16718,1102,3,0.0,\N
16719,1102,1,0.0,\N
16720,1104,9,25.0,\N
16721,1104,117,18.0,\N
16722,1104,214,21.0,\N
16723,1104,131,23.0,\N
16724,1104,6,12.0,\N
16725,1104,1,3.0,\N
16728,1104,3,0.0,\N
16729,1104,210,0.0,\N
16730,1105,9,38.0,\N
16731,1105,131,33.0,\N
16732,1105,6,10.0,\N
16733,1105,117,14.0,\N
16734,1105,214,5.0,\N
16737,1105,1,0.0,\N
16738,1105,210,0.0,\N
16739,1105,3,0.0,\N
16740,1106,9,34.0,\N
16741,1106,117,20.0,\N
16742,1106,131,15.0,\N
16743,1106,6,22.0,\N
16744,1106,3,6.0,\N
16745,1106,214,4.0,\N
16747,1106,1,0.0,\N
16749,1106,210,0.0,\N
16750,1107,9,56.0,\N
16751,1107,6,32.0,\N
16752,1107,1,12.0,\N
16753,1107,117,21.0,\N
16754,1107,131,11.0,\N
16755,1107,214,3.0,\N
16756,1107,3,0.0,\N
16759,1107,210,3.0,\N
16760,1108,9,34.0,\N
16761,1108,1,30.0,\N
16762,1108,131,25.0,\N
16763,1108,117,6.0,\N
16764,1108,3,4.0,\N
16765,1108,6,3.0,\N
16767,1108,210,0.0,\N
16769,1108,214,0.0,\N
16770,1109,9,41.0,\N
16771,1109,1,28.0,\N
16772,1109,131,20.0,\N
16773,1109,6,10.0,\N
16774,1109,117,3.0,\N
16775,1109,3,0.0,\N
16778,1109,210,0.0,\N
16779,1109,214,0.0,\N
16780,1110,9,51.0,\N
16781,1110,6,24.0,\N
16782,1110,131,24.0,\N
16783,1110,117,12.0,\N
16784,1110,1,16.0,\N
16785,1110,214,10.0,\N
16788,1110,3,0.0,\N
16789,1110,210,0.0,\N
16790,1111,9,37.0,\N
16791,1111,117,19.0,\N
16792,1111,214,16.0,\N
16793,1111,6,10.0,\N
16794,1111,131,8.0,\N
16795,1111,1,8.0,\N
16796,1111,3,4.0,\N
16797,1111,210,0.0,\N
16800,1112,9,43.0,\N
16801,1112,6,27.0,\N
16802,1112,131,18.0,\N
16803,1112,3,6.0,\N
16804,1112,1,4.0,\N
16805,1112,117,2.0,\N
16808,1112,214,0.0,\N
16809,1112,210,0.0,\N
16810,1113,6,37.0,\N
16811,1113,1,24.0,\N
16812,1113,131,16.0,\N
16813,1113,9,14.0,\N
16814,1113,214,8.0,\N
16816,1113,210,1.0,\N
16817,1113,3,0.0,\N
16819,1113,117,0.0,\N
16820,1114,9,26.0,\N
16821,1114,1,33.0,\N
16822,1114,6,20.0,\N
16823,1114,131,16.0,\N
16824,1114,117,4.0,\N
16825,1114,214,3.0,\N
16828,1114,210,0.0,\N
16829,1114,3,0.0,\N
16830,1115,9,34.0,\N
16831,1115,1,47.0,\N
16832,1115,131,21.0,\N
16833,1115,6,13.0,\N
16834,1115,117,9.0,\N
16835,1115,214,6.0,\N
16837,1115,3,2.0,\N
16838,1115,210,0.0,\N
16840,1116,9,49.0,\N
16841,1116,1,23.0,\N
16842,1116,6,24.0,\N
16843,1116,131,18.0,\N
16844,1116,214,10.0,\N
16845,1116,117,6.0,\N
16847,1116,3,3.0,\N
16848,1116,210,0.0,\N
16850,1117,9,25.0,\N
16851,1117,131,27.0,\N
16852,1117,6,27.0,\N
16853,1117,1,14.0,\N
16855,1117,3,2.0,\N
16856,1117,214,1.0,\N
16857,1117,210,0.0,\N
16859,1117,117,0.0,\N
16860,1118,9,51.0,\N
16861,1118,1,26.0,\N
16862,1118,117,25.0,\N
16863,1118,6,13.0,\N
16864,1118,214,7.0,\N
16865,1118,131,11.0,\N
16867,1118,3,0.0,\N
16868,1118,210,0.0,\N
16870,1119,9,40.0,\N
16871,1119,6,26.0,\N
16872,1119,214,12.0,\N
16873,1119,117,12.0,\N
16874,1119,131,10.0,\N
16875,1119,1,2.0,\N
16876,1119,3,0.0,\N
16877,1119,210,0.0,\N
16884,1120,117,7.0,\N
16886,1120,214,0.0,\N
16887,1120,3,0.0,\N
16888,1120,210,0.0,\N
16890,1121,9,44.0,\N
16891,1121,6,27.0,\N
16892,1121,131,16.0,\N
16893,1121,1,12.0,\N
16894,1121,117,3.0,\N
16895,1121,15,0.0,\N
16896,1121,210,0.0,\N
16897,1121,215,0.0,\N
16898,1121,3,0.0,\N
16899,1121,214,0.0,\N
16900,1122,9,43.0,\N
16901,1122,6,22.0,\N
16902,1122,1,16.0,\N
16903,1122,117,10.0,\N
16904,1122,131,10.0,\N
16905,1122,210,1.0,\N
16906,1122,3,0.0,\N
16907,1122,214,0.0,\N
16908,1122,215,0.0,\N
16909,1122,15,0.0,\N
16910,1123,6,44.0,\N
16911,1123,1,27.0,\N
16912,1123,9,10.0,\N
16913,1123,117,12.0,\N
16914,1123,215,6.0,\N
16915,1123,210,3.0,\N
16916,1123,3,0.0,\N
16917,1123,214,0.0,\N
16918,1123,15,0.0,\N
16919,1123,131,0.0,\N
16920,1124,9,44.0,\N
16921,1124,6,27.0,\N
16922,1124,1,14.0,\N
16923,1124,117,8.0,\N
16924,1124,131,8.0,\N
16925,1124,215,1.0,\N
16926,1124,210,0.0,\N
16927,1124,15,0.0,\N
16928,1124,214,0.0,\N
16929,1124,3,0.0,\N
16930,1125,9,54.0,\N
16931,1125,1,27.0,\N
16932,1125,6,31.0,\N
16933,1125,131,18.0,\N
16934,1125,117,7.0,\N
16935,1125,210,1.0,\N
16936,1125,214,0.0,\N
16937,1125,3,0.0,\N
16938,1125,15,0.0,\N
16939,1125,215,0.0,\N
16940,1126,1,28.0,\N
16941,1126,9,44.0,\N
16942,1126,6,36.0,\N
16943,1126,131,12.0,\N
16944,1126,215,12.0,\N
16945,1126,117,2.0,\N
16946,1126,214,1.0,\N
16947,1126,210,2.0,\N
16948,1126,15,0.0,\N
16949,1126,3,0.0,\N
16950,1127,9,29.0,\N
16951,1127,1,30.0,\N
16952,1127,6,25.0,\N
16953,1127,131,15.0,\N
16954,1127,117,2.0,\N
16955,1127,215,1.0,\N
16956,1127,210,0.0,\N
16957,1127,214,0.0,\N
16958,1127,15,0.0,\N
16959,1127,3,0.0,\N
16960,1128,6,40.0,\N
16961,1128,1,30.0,\N
16962,1128,131,17.0,\N
16963,1128,9,8.0,\N
16964,1128,215,4.0,\N
16965,1128,3,2.0,\N
16966,1128,214,1.0,\N
16967,1128,117,0.0,\N
16968,1128,15,0.0,\N
16969,1128,210,0.0,\N
16970,1129,9,25.0,\N
16971,1129,1,28.0,\N
16972,1129,131,28.0,\N
16973,1129,117,14.0,\N
16974,1129,215,4.0,\N
16975,1129,214,3.0,\N
16976,1129,210,0.0,\N
16977,1129,15,0.0,\N
16978,1129,6,0.0,\N
16979,1129,3,0.0,\N
16980,1130,9,29.0,\N
16981,1130,1,25.0,\N
16982,1130,131,27.0,\N
16983,1130,6,18.0,\N
16984,1130,214,3.0,\N
16985,1130,210,0.0,\N
16986,1130,117,0.0,\N
16987,1130,15,0.0,\N
16988,1130,215,0.0,\N
16989,1130,3,0.0,\N
16990,1131,131,45.0,\N
16991,1131,1,31.0,\N
16992,1131,6,21.0,\N
16993,1131,9,25.0,\N
16994,1131,210,12.0,\N
16995,1131,215,2.0,\N
16996,1131,214,1.0,\N
16997,1131,117,0.0,\N
16998,1131,3,0.0,\N
16999,1131,15,0.0,\N
17000,1132,131,25.0,\N
17001,1132,9,18.0,\N
17002,1132,1,27.0,\N
17003,1132,6,11.0,\N
17004,1132,210,8.0,\N
17005,1132,117,10.0,\N
17006,1132,3,2.0,\N
17007,1132,215,1.0,\N
17008,1132,15,0.0,\N
17009,1132,214,0.0,\N
