constructorStandingsId,raceId,constructorId,points,position,positionText,wins
1,18,1,14.0,1,1,1
3,18,3,9.0,2,2,0
6,18,6,1.0,6,6,0
7,19,1,24.0,1,1,1
9,19,3,9.0,4,4,0
12,19,6,11.0,3,3,1
14,19,9,2.0,7,7,0
18,20,1,28.0,3,3,1
20,20,3,10.0,4,4,0
23,20,6,29.0,2,2,2
25,20,9,4.0,7,7,0
29,21,1,34.0,3,3,1
31,21,3,12.0,4,4,0
34,21,6,47.0,1,1,3
36,21,9,8.0,6,6,0
40,22,1,42.0,3,3,1
42,22,3,13.0,4,4,0
45,22,6,63.0,1,1,4
47,22,9,10.0,5,5,0
51,23,1,53.0,2,2,2
53,23,3,15.0,4,4,0
56,23,6,69.0,1,1,4
58,23,9,15.0,5,5,0
62,24,1,53.0,3,3,2
64,24,3,15.0,6,6,0
67,24,6,73.0,1,1,4
69,24,9,21.0,4,4,0
73,25,1,58.0,3,3,2
75,25,3,15.0,6,6,0
78,25,6,91.0,1,1,5
80,25,9,24.0,4,4,0
84,26,1,72.0,3,3,3
86,26,3,16.0,6,6,0
89,26,6,96.0,1,1,5
91,26,9,24.0,5,5,0
95,27,1,86.0,3,3,4
97,27,3,16.0,7,7,0
100,27,6,105.0,1,1,5
102,27,9,24.0,5,5,0
106,28,1,100.0,2,2,5
108,28,3,16.0,7,7,0
111,28,6,111.0,1,1,5
113,28,9,24.0,6,6,0
117,29,1,113.0,2,2,5
119,29,3,17.0,7,7,0
122,29,6,121.0,1,1,6
124,29,9,24.0,6,6,0
128,30,1,119.0,2,2,5
130,30,3,17.0,7,7,0
133,30,6,131.0,1,1,7
135,30,9,25.0,6,6,0
139,31,1,129.0,2,2,5
141,31,3,17.0,8,8,0
144,31,6,134.0,1,1,7
146,31,9,26.0,7,7,0
150,32,1,135.0,1,1,5
152,32,3,26.0,8,8,0
155,32,6,134.0,2,2,7
157,32,9,28.0,7,7,0
161,33,1,135.0,2,2,5
163,33,3,26.0,8,8,0
166,33,6,142.0,1,1,7
168,33,9,29.0,7,7,0
1640,34,9,29.0,7,7,0
1638,34,6,156.0,1,1,7
1635,34,3,26.0,8,8,0
1633,34,1,145.0,2,2,6
183,35,1,151.0,2,2,6
185,35,3,26.0,8,8,0
188,35,6,172.0,1,1,8
190,35,9,29.0,7,7,0
25741,36,9,0.0,8,8,0
25737,36,3,2.0,4,4,0
25752,37,9,0.0,6,6,0
25748,37,3,2.0,5,5,0
25763,38,9,0.0,6,6,0
25759,38,3,2.0,5,5,0
25756,38,1,44.0,11,E,1
25755,38,6,39.0,1,1,2
25774,39,9,4.0,6,6,0
25770,39,3,5.0,4,4,0
25767,39,1,58.0,11,E,1
25785,40,9,4.0,6,6,0
25781,40,3,7.0,4,4,0
25778,40,1,76.0,11,E,2
25796,41,9,4.0,6,6,0
25792,41,3,13.0,4,4,0
25789,41,1,88.0,11,E,3
25807,42,9,6.0,6,6,0
25803,42,3,13.0,4,4,0
25800,42,1,106.0,11,E,4
25818,43,9,6.0,6,6,0
25814,43,3,13.0,4,4,0
25811,43,1,114.0,11,E,4
25829,44,9,6.0,6,6,0
25825,44,3,13.0,4,4,0
25822,44,1,128.0,11,E,5
25840,45,9,16.0,5,5,0
25836,45,3,18.0,4,4,0
25833,45,1,138.0,11,E,5
25851,46,9,16.0,5,5,0
25847,46,3,20.0,4,4,0
25844,46,1,138.0,11,E,6
25862,47,9,16.0,5,5,0
25858,47,3,22.0,4,4,0
25855,47,1,148.0,11,E,6
25873,48,9,16.0,5,5,0
25869,48,3,25.0,4,4,0
25866,48,1,166.0,11,E,7
25884,49,9,18.0,5,5,0
25880,49,3,28.0,4,4,0
25877,49,1,192.0,11,E,7
25895,50,9,23.0,5,5,0
25891,50,3,28.0,4,4,0
25888,50,1,202.0,11,E,8
25906,51,9,24.0,5,5,0
25902,51,3,28.0,4,4,0
25899,51,1,210.0,11,E,8
25917,52,9,24.0,5,5,0
25913,52,3,33.0,4,4,0
25910,52,1,218.0,11,E,8
6322,53,9,1.0,6,6,0
6321,53,3,5.0,5,5,0
6319,53,1,10.0,2,2,0
6318,53,6,8.0,3,3,0
6333,54,9,1.0,8,8,0
6332,54,3,5.0,5,5,0
6330,54,1,15.0,3,3,0
6329,54,6,15.0,2,2,0
6344,55,9,2.0,8,8,0
6343,55,3,5.0,7,7,0
6341,55,1,23.0,2,2,0
6340,55,6,15.0,3,3,0
6355,56,9,2.0,8,8,0
6354,56,3,8.0,6,6,0
6352,56,1,33.0,2,2,0
6351,56,6,30.0,3,3,1
6366,57,9,2.0,8,8,0
6365,57,3,10.0,6,6,0
6363,57,1,38.0,3,3,0
6362,57,6,46.0,2,2,2
6377,58,9,2.0,8,8,0
6376,58,3,10.0,6,6,0
6374,58,1,42.0,3,3,0
6373,58,6,59.0,2,2,2
6388,59,9,8.0,8,8,0
6387,59,3,10.0,6,6,0
6385,59,1,50.0,3,3,0
6384,59,6,63.0,2,2,2
6399,60,9,8.0,8,8,0
6398,60,3,10.0,6,6,0
6396,60,1,59.0,3,3,0
6395,60,6,75.0,2,2,2
6410,61,9,9.0,8,8,0
6409,61,3,10.0,7,7,0
6407,61,1,65.0,3,3,0
6406,61,6,87.0,2,2,2
6421,62,9,11.0,7,7,0
6420,62,3,10.0,8,8,0
6418,62,1,65.0,3,3,0
6417,62,6,105.0,2,2,3
6432,63,9,11.0,7,7,0
6431,63,3,10.0,8,8,0
6429,63,1,71.0,3,3,0
6428,63,6,121.0,2,2,4
6443,64,9,12.0,7,7,0
6442,64,3,10.0,8,8,0
6440,64,1,77.0,3,3,0
6439,64,6,139.0,2,2,5
6454,65,9,16.0,7,7,0
6453,65,3,10.0,8,8,0
6451,65,1,85.0,3,3,0
6450,65,6,142.0,2,2,5
6465,66,9,16.0,7,7,0
6464,66,3,10.0,8,8,0
6462,66,1,89.0,3,3,0
6461,66,6,158.0,2,2,6
6476,67,9,16.0,7,7,0
6475,67,3,10.0,8,8,0
6473,67,1,97.0,3,3,0
6472,67,6,168.0,1,1,7
6488,68,9,16.0,7,7,0
6487,68,3,11.0,8,8,0
6485,68,1,101.0,3,3,0
6484,68,6,178.0,2,2,8
6500,69,9,16.0,7,7,0
6499,69,3,11.0,8,8,0
6497,69,1,105.0,3,3,0
6496,69,6,186.0,2,2,8
6512,70,9,16.0,7,7,0
6511,70,3,11.0,8,8,0
6509,70,1,110.0,3,3,0
6508,70,6,201.0,2,2,9
27949,71,15,0.0,7,7,0
27947,71,1,4.0,5,5,0
27946,71,3,4.0,4,4,0
27945,71,9,7.0,3,3,0
27944,71,6,8.0,2,2,0
27959,72,15,0.0,7,7,0
27957,72,1,9.0,6,6,0
27956,72,3,10.0,5,5,0
27955,72,9,11.0,3,3,0
27954,72,6,10.0,4,4,0
27969,73,15,2.0,7,7,0
27967,73,1,19.0,3,3,0
27966,73,3,13.0,4,4,0
27965,73,9,12.0,5,5,0
27964,73,6,10.0,6,6,0
27979,74,15,7.0,7,7,0
27977,74,1,25.0,3,3,0
27976,74,3,18.0,5,5,0
27975,74,9,13.0,6,6,0
27974,74,6,18.0,4,4,0
27989,75,15,7.0,7,7,0
27987,75,1,37.0,3,3,1
27986,75,3,21.0,4,4,0
27985,75,9,14.0,6,6,0
27984,75,6,18.0,5,5,0
27999,76,15,7.0,7,7,0
27997,76,1,51.0,2,2,2
27996,76,3,35.0,4,4,0
27995,76,9,14.0,6,6,0
27994,76,6,21.0,5,5,0
28009,77,15,7.0,7,7,0
28007,77,1,53.0,2,2,2
28006,77,3,43.0,4,4,0
28005,77,9,19.0,6,6,0
28004,77,6,31.0,5,5,0
28019,78,15,12.0,7,7,0
28017,78,1,63.0,2,2,3
28016,78,3,47.0,3,3,0
28015,78,9,22.0,6,6,0
28014,78,6,45.0,5,5,0
28029,79,15,12.0,7,7,0
28027,79,1,63.0,2,2,3
28026,79,3,47.0,4,4,0
28025,79,9,22.0,6,6,0
28024,79,6,63.0,3,3,1
28039,80,15,13.0,7,7,0
28037,80,1,71.0,2,2,3
28036,80,3,47.0,5,5,0
28035,80,9,22.0,6,6,0
28034,80,6,69.0,3,3,1
28049,81,15,13.0,7,7,0
28047,81,1,87.0,2,2,4
28046,81,3,47.0,5,5,0
28045,81,9,22.0,6,6,0
28044,81,6,74.0,3,3,1
28059,82,15,14.0,8,8,0
28057,82,1,95.0,2,2,4
28056,82,3,47.0,5,5,0
28055,82,9,24.0,6,6,0
28054,82,6,78.0,3,3,1
28069,83,15,14.0,8,8,0
28067,83,1,105.0,2,2,5
28066,83,3,52.0,5,5,0
28065,83,9,24.0,6,6,0
28064,83,6,86.0,3,3,1
28079,84,15,14.0,8,8,0
28077,84,1,121.0,2,2,6
28076,84,3,52.0,5,5,0
28075,84,9,27.0,6,6,0
28074,84,6,86.0,3,3,1
28089,85,15,14.0,8,8,0
28087,85,1,136.0,2,2,7
28086,85,3,54.0,5,5,0
28085,85,9,27.0,6,6,0
28084,85,6,86.0,3,3,1
28099,86,15,17.0,8,8,0
28097,86,1,146.0,2,2,8
28096,86,3,59.0,5,5,0
28095,86,9,27.0,7,7,0
28094,86,6,90.0,3,3,1
28109,87,15,17.0,8,8,0
28107,87,1,164.0,1,1,9
28106,87,3,59.0,5,5,0
28105,87,9,27.0,7,7,0
28104,87,6,98.0,3,3,1
28119,88,15,17.0,8,8,0
28117,88,1,174.0,2,2,10
28116,88,3,64.0,5,5,0
28115,88,9,30.0,7,7,0
28114,88,6,100.0,3,3,1
28129,89,15,20.0,8,8,0
28127,89,1,182.0,2,2,10
28126,89,3,66.0,5,5,0
28125,89,9,34.0,7,7,0
28124,89,6,100.0,3,3,1
6143,90,15,0.0,6,6,0
6142,90,1,1.0,5,5,0
6140,90,3,9.0,2,2,0
6138,90,6,18.0,1,1,1
6152,91,15,1.0,6,6,0
6151,91,1,4.0,5,5,0
6149,91,3,17.0,2,2,0
6147,91,6,33.0,1,1,2
6162,92,15,1.0,6,6,0
6161,92,1,4.0,5,5,0
6159,92,3,19.0,3,3,0
6157,92,6,51.0,1,1,3
6172,93,15,1.0,6,6,0
6171,93,1,5.0,5,5,0
6169,93,3,27.0,4,4,0
6167,93,6,64.0,1,1,4
6182,94,15,3.0,6,6,0
6181,94,1,5.0,5,5,0
6179,94,3,30.0,4,4,0
6177,94,6,82.0,1,1,5
6192,95,15,7.0,5,5,0
6191,95,1,5.0,6,6,0
6189,95,3,35.0,4,4,0
6187,95,6,88.0,1,1,5
6202,96,15,10.0,5,5,0
6201,96,1,5.0,6,6,0
6199,96,3,36.0,4,4,0
6197,96,6,106.0,1,1,6
6212,97,15,15.0,5,5,0
6211,97,1,12.0,6,6,0
6209,97,3,36.0,4,4,0
6207,97,6,124.0,1,1,7
6222,98,15,15.0,6,6,0
6221,98,1,17.0,5,5,0
6219,98,3,36.0,4,4,0
6217,98,6,142.0,1,1,8
6232,99,15,15.0,6,6,0
6231,99,1,22.0,5,5,0
6229,99,3,37.0,4,4,0
6227,99,6,158.0,1,1,9
6242,100,15,18.0,6,6,0
6241,100,1,32.0,5,5,0
6239,100,3,41.0,4,4,0
6237,100,6,174.0,1,1,10
6252,101,15,18.0,6,6,0
6251,101,1,37.0,5,5,0
6249,101,3,47.0,4,4,0
6247,101,6,184.0,1,1,11
6262,102,15,19.0,6,6,0
6261,102,1,37.0,5,5,0
6259,102,3,54.0,4,4,0
6257,102,6,202.0,1,1,12
6272,103,15,28.0,6,6,0
6271,103,1,49.0,5,5,1
6269,103,3,54.0,4,4,0
6267,103,6,216.0,1,1,12
6282,104,15,29.0,6,6,0
6281,104,1,52.0,5,5,1
6279,104,3,60.0,4,4,0
6277,104,6,234.0,1,1,13
6292,105,15,32.0,6,6,0
6291,105,1,58.0,5,5,1
6289,105,3,64.0,4,4,0
6287,105,6,244.0,1,1,14
6302,106,15,33.0,6,6,0
6301,106,1,61.0,5,5,1
6299,106,3,74.0,4,4,0
6297,106,6,254.0,1,1,15
6312,107,15,34.0,6,6,0
6311,107,1,69.0,5,5,1
6309,107,3,88.0,4,4,1
6307,107,6,262.0,1,1,15
5986,108,15,3.0,5,5,0
5984,108,6,5.0,4,4,0
5983,108,3,9.0,2,2,0
5982,108,1,16.0,1,1,1
5993,109,15,4.0,5,5,0
5991,109,6,16.0,2,2,0
5990,109,3,14.0,4,4,0
5989,109,1,26.0,1,1,2
6002,110,15,8.0,6,6,0
6000,110,6,16.0,3,3,0
5999,110,3,16.0,4,4,0
5998,110,1,39.0,1,1,2
6012,111,15,8.0,6,6,0
6010,111,6,32.0,2,2,1
6009,111,3,23.0,4,4,0
6008,111,1,51.0,1,1,2
6022,112,15,8.0,6,6,0
6020,112,6,48.0,2,2,2
6019,112,3,32.0,4,4,0
6018,112,1,51.0,1,1,2
6032,113,15,8.0,7,7,0
6030,113,6,64.0,1,1,3
6029,113,3,35.0,4,4,0
6028,113,1,63.0,2,2,2
6042,114,15,8.0,7,7,0
6040,114,6,71.0,2,2,3
6039,114,3,50.0,3,3,1
6038,114,1,73.0,1,1,2
6052,115,15,8.0,7,7,0
6050,115,6,85.0,1,1,4
6049,115,3,64.0,3,3,1
6048,115,1,76.0,2,2,2
6062,116,15,9.0,7,7,0
6060,116,6,95.0,1,1,4
6059,116,3,82.0,2,2,2
6058,116,1,76.0,3,3,2
6072,117,15,9.0,8,8,0
6070,117,6,103.0,1,1,4
6069,117,3,100.0,2,2,3
6068,117,1,85.0,3,3,2
6082,118,15,9.0,8,8,0
6080,118,6,118.0,1,1,5
6079,118,3,108.0,2,2,3
6078,118,1,95.0,3,3,2
6092,119,15,9.0,9,9,0
6090,119,6,120.0,1,1,5
6089,119,3,118.0,2,2,4
6088,119,1,103.0,3,3,2
6102,120,15,9.0,9,9,0
6100,120,6,121.0,2,2,5
6099,120,3,129.0,1,1,4
6098,120,1,115.0,3,3,2
6112,121,15,9.0,9,9,0
6110,121,6,137.0,2,2,6
6109,121,3,141.0,1,1,4
6108,121,1,120.0,3,3,2
6122,122,15,19.0,5,5,0
6120,122,6,147.0,1,1,7
6119,122,3,144.0,2,2,4
6118,122,1,128.0,3,3,2
6132,123,15,19.0,6,6,0
6130,123,6,158.0,1,1,8
6129,123,3,144.0,2,2,4
6128,123,1,142.0,3,3,2
5802,124,1,4.0,3,3,0
5801,124,3,6.0,2,2,0
5800,124,6,10.0,1,1,1
5813,125,15,3.0,6,6,0
5808,125,1,4.0,3,3,0
5807,125,3,22.0,1,1,1
5806,125,6,14.0,2,2,1
5824,126,15,3.0,6,6,0
5819,126,1,8.0,3,3,0
5818,126,3,30.0,1,1,1
5817,126,6,24.0,2,2,2
5835,127,15,3.0,6,6,0
5830,127,1,9.0,3,3,0
5829,127,3,37.0,2,2,1
5828,127,6,40.0,1,1,3
5846,128,15,8.0,5,5,0
5841,128,1,13.0,3,3,0
5840,128,3,43.0,2,2,1
5839,128,6,50.0,1,1,4
5857,129,15,8.0,5,5,0
5852,129,1,14.0,3,3,0
5851,129,3,50.0,2,2,1
5850,129,6,66.0,1,1,5
5868,130,15,8.0,5,5,0
5863,130,1,24.0,3,3,1
5862,130,3,54.0,2,2,1
5861,130,6,72.0,1,1,5
5879,131,15,8.0,5,5,0
5874,131,1,33.0,3,3,1
5873,131,3,54.0,2,2,1
5872,131,6,86.0,1,1,6
5890,132,15,9.0,5,5,0
5885,132,1,37.0,3,3,1
5884,132,3,57.0,2,2,1
5883,132,6,102.0,1,1,7
5901,133,15,10.0,5,5,0
5896,133,1,37.0,3,3,1
5895,133,3,61.0,2,2,1
5894,133,6,118.0,1,1,8
5912,134,15,10.0,5,5,0
5907,134,1,47.0,3,3,1
5906,134,3,66.0,2,2,1
5905,134,6,128.0,1,1,9
5923,135,15,11.0,5,5,0
5918,135,1,49.0,3,3,1
5917,135,3,76.0,2,2,1
5916,135,6,141.0,1,1,10
5934,136,15,11.0,5,5,0
5929,136,1,54.0,3,3,1
5928,136,3,80.0,2,2,1
5927,136,6,157.0,1,1,11
5945,137,15,11.0,5,5,0
5940,137,1,57.0,3,3,1
5939,137,3,86.0,2,2,1
5938,137,6,173.0,1,1,12
5956,138,15,11.0,5,5,0
5951,138,1,57.0,3,3,1
5950,138,3,86.0,2,2,1
5949,138,6,189.0,1,1,13
5967,139,15,11.0,5,5,0
5962,139,1,61.0,3,3,1
5961,139,3,89.0,2,2,1
5960,139,6,205.0,1,1,14
5978,140,15,11.0,5,5,0
5973,140,1,65.0,3,3,1
5972,140,3,92.0,2,2,1
5971,140,6,221.0,1,1,15
5616,141,15,4.0,3,3,0
5615,141,1,6.0,2,2,0
5614,141,6,14.0,1,1,1
5634,142,3,2.0,5,5,0
5626,142,15,4.0,4,4,0
5625,142,1,11.0,2,2,0
5624,142,6,30.0,1,1,2
5645,143,3,2.0,6,6,0
5637,143,15,8.0,3,3,0
5636,143,1,21.0,2,2,1
5635,143,6,36.0,1,1,2
5656,144,3,12.0,3,3,1
5648,144,15,8.0,5,5,0
5647,144,1,30.0,2,2,1
5646,144,6,40.0,1,1,2
5667,145,3,18.0,3,3,1
5659,145,15,9.0,5,5,0
5658,145,1,32.0,2,2,1
5657,145,6,50.0,1,1,3
5678,146,3,18.0,3,3,1
5670,146,15,12.0,5,5,0
5669,146,1,42.0,2,2,2
5668,146,6,60.0,1,1,3
5689,147,3,18.0,3,3,1
5681,147,15,12.0,6,6,0
5680,147,1,44.0,2,2,2
5679,147,6,76.0,1,1,4
5700,148,3,28.0,3,3,2
5692,148,15,15.0,4,4,0
5691,148,1,48.0,2,2,2
5690,148,6,82.0,1,1,4
5711,149,3,37.0,3,3,2
5703,149,15,15.0,4,4,0
5702,149,1,53.0,2,2,2
5701,149,6,94.0,1,1,5
5722,150,3,43.0,3,3,2
5714,150,15,16.0,4,4,0
5713,150,1,56.0,2,2,2
5712,150,6,108.0,1,1,6
5733,151,3,46.0,3,3,2
5725,151,15,19.0,4,4,0
5724,151,1,66.0,2,2,3
5723,151,6,118.0,1,1,6
5744,152,3,56.0,3,3,3
5736,152,15,19.0,4,4,0
5735,152,1,66.0,2,2,3
5734,152,6,124.0,1,1,6
5755,153,3,59.0,3,3,3
5747,153,15,20.0,4,4,0
5746,153,1,72.0,2,2,3
5745,153,6,140.0,1,1,7
5766,154,3,59.0,3,3,3
5758,154,15,20.0,4,4,0
5757,154,1,81.0,2,2,3
5756,154,6,152.0,1,1,8
5777,155,3,73.0,3,3,4
5769,155,15,20.0,4,4,0
5768,155,1,81.0,2,2,3
5767,155,6,161.0,1,1,8
5788,156,3,73.0,3,3,4
5780,156,15,21.0,4,4,0
5779,156,1,95.0,2,2,4
5778,156,6,167.0,1,1,8
5799,157,3,80.0,3,3,4
5791,157,15,21.0,4,4,0
5790,157,1,102.0,2,2,4
5789,157,6,179.0,1,1,9
1454,158,6,16.0,1,1,1
1455,158,3,4.0,2,2,0
1460,159,6,26.0,1,1,2
1461,159,3,7.0,4,4,0
1468,160,6,39.0,1,1,3
1469,160,3,7.0,5,5,0
1476,160,1,10.0,2,2,0
1477,160,15,1.0,7,7,0
1479,161,6,43.0,1,1,3
1480,161,3,12.0,3,3,0
1487,161,1,26.0,2,2,1
1488,161,15,1.0,7,7,0
1490,162,6,49.0,1,1,3
1491,162,3,15.0,3,3,0
1498,162,1,42.0,2,2,2
1499,162,15,1.0,7,7,0
1501,163,6,62.0,1,1,4
1502,163,3,15.0,3,3,0
1509,163,1,52.0,2,2,2
1510,163,15,1.0,7,7,0
1512,164,6,68.0,1,1,4
1513,164,3,15.0,3,3,0
1520,164,1,63.0,2,2,3
1521,164,15,3.0,8,8,0
1523,165,6,84.0,1,1,5
1524,165,3,15.0,4,4,0
1531,165,1,66.0,2,2,3
1532,165,15,3.0,8,8,0
1534,166,6,88.0,1,1,5
1535,166,3,17.0,4,4,0
1542,166,1,82.0,2,2,4
1543,166,15,3.0,8,8,0
1545,167,6,92.0,2,2,5
1546,167,3,19.0,3,3,0
1553,167,1,98.0,1,1,5
1554,167,15,4.0,7,7,0
1556,168,6,102.0,2,2,6
1557,168,3,22.0,3,3,0
1564,168,1,108.0,1,1,5
1565,168,15,6.0,7,7,0
1567,169,6,111.0,2,2,6
1568,169,3,24.0,3,3,0
1575,169,1,122.0,1,1,6
1576,169,15,6.0,7,7,0
1578,170,6,117.0,2,2,6
1579,170,3,30.0,3,3,0
1586,170,1,135.0,1,1,7
1587,170,15,6.0,7,7,0
1589,171,6,127.0,2,2,7
1590,171,3,34.0,3,3,0
1597,171,1,141.0,1,1,7
1598,171,15,6.0,8,8,0
1600,172,6,143.0,1,1,8
1601,172,3,34.0,3,3,0
1608,172,1,143.0,2,2,7
1609,172,15,6.0,8,8,0
1611,173,6,156.0,1,1,9
1612,173,3,36.0,3,3,0
1619,173,1,153.0,2,2,7
1620,173,15,6.0,8,8,0
1622,174,6,170.0,1,1,10
1623,174,3,36.0,3,3,0
1630,174,1,162.0,2,2,7
1631,174,15,6.0,8,8,0
5447,175,3,4.0,3,3,0
5445,175,6,10.0,1,1,1
5457,176,1,10.0,2,2,1
5453,176,3,7.0,4,4,0
5469,177,15,1.0,9,9,0
5466,177,1,16.0,2,2,1
5462,177,3,7.0,4,4,0
5460,177,6,28.0,1,1,2
5451,176,6,18.0,1,1,1
5480,178,15,1.0,9,9,0
5477,178,1,20.0,2,2,1
5473,178,3,7.0,5,5,0
5471,178,6,44.0,1,1,3
5491,179,15,1.0,9,9,0
5488,179,1,36.0,2,2,2
5484,179,3,9.0,4,4,0
5482,179,6,51.0,1,1,3
5502,180,15,2.0,8,8,0
5499,180,1,46.0,2,2,3
5495,180,3,12.0,5,5,0
5493,180,6,55.0,1,1,3
5513,181,15,2.0,8,8,0
5510,181,1,52.0,2,2,3
5506,181,3,15.0,4,4,0
5504,181,6,58.0,1,1,3
5524,182,15,3.0,7,7,0
5521,182,1,62.0,2,2,4
5517,182,3,19.0,4,4,0
5515,182,6,64.0,1,1,3
5535,183,15,4.0,7,7,0
5532,183,1,72.0,2,2,4
5528,183,3,19.0,4,4,0
5526,183,6,74.0,1,1,4
5546,184,15,4.0,7,7,0
5543,184,1,74.0,2,2,4
5539,184,3,22.0,4,4,0
5537,184,6,90.0,1,1,5
5557,185,15,4.0,7,7,0
5554,185,1,90.0,2,2,5
5550,185,3,22.0,4,4,0
5548,185,6,94.0,1,1,5
5568,186,15,4.0,7,7,0
5565,186,1,106.0,1,1,6
5561,186,3,24.0,4,4,0
5559,186,6,97.0,2,2,5
5579,187,15,4.0,7,7,0
5576,187,1,108.0,1,1,6
5572,187,3,30.0,4,4,0
5570,187,6,102.0,2,2,5
5590,188,15,4.0,8,8,0
5587,188,1,110.0,1,1,6
5583,188,3,33.0,4,4,0
5581,188,6,102.0,2,2,5
5601,189,15,4.0,8,8,0
5598,189,1,114.0,2,2,6
5594,189,3,33.0,5,5,0
5592,189,6,118.0,1,1,6
5612,190,15,5.0,8,8,0
5609,190,1,124.0,2,2,7
5605,190,3,35.0,5,5,0
5603,190,6,128.0,1,1,6
2055,191,1,16.0,1,1,1
2056,191,3,6.0,2,2,0
2057,191,6,3.0,3,3,0
2058,191,15,1.0,4,4,0
2062,192,1,32.0,1,1,2
2063,192,3,8.0,2,2,0
2064,192,6,7.0,3,3,0
2065,192,15,1.0,5,5,0
2070,193,1,39.0,1,1,2
2071,193,3,8.0,3,3,0
2072,193,6,21.0,2,2,1
2073,193,15,3.0,5,5,0
2080,194,1,49.0,1,1,3
2081,194,3,13.0,3,3,0
2082,194,6,31.0,2,2,1
2083,194,15,4.0,5,5,0
2091,195,1,65.0,1,1,4
2092,195,3,14.0,3,3,0
2093,195,6,35.0,2,2,1
2094,195,15,4.0,5,5,0
2102,196,1,75.0,1,1,5
2103,196,3,16.0,4,4,0
2104,196,6,39.0,2,2,1
2105,196,15,4.0,6,6,0
2113,197,1,75.0,1,1,5
2114,197,3,16.0,4,4,0
2115,197,6,53.0,2,2,2
2116,197,15,4.0,7,7,0
2124,198,1,80.0,1,1,5
2125,198,3,19.0,4,4,0
2126,198,6,69.0,2,2,3
2127,198,15,4.0,7,7,0
2135,199,1,86.0,1,1,5
2136,199,3,19.0,4,4,0
2137,199,6,83.0,2,2,4
2138,199,15,4.0,7,7,0
2146,200,1,102.0,1,1,6
2147,200,3,20.0,4,4,0
2148,200,6,90.0,2,2,4
2149,200,15,4.0,7,7,0
2157,201,1,118.0,1,1,7
2158,201,3,24.0,4,4,0
2159,201,6,92.0,2,2,4
2160,201,15,4.0,8,8,0
2168,202,1,125.0,1,1,7
2169,202,3,30.0,4,4,0
2170,202,6,102.0,2,2,5
2171,202,15,4.0,8,8,0
2179,203,1,125.0,1,1,7
2180,203,3,33.0,3,3,0
2181,203,6,102.0,2,2,5
2182,203,15,8.0,6,6,0
2190,204,1,128.0,1,1,7
2191,204,3,33.0,3,3,0
2192,204,6,118.0,2,2,6
2193,204,15,10.0,6,6,0
2201,205,1,142.0,1,1,8
2202,205,3,35.0,3,3,0
2203,205,6,127.0,2,2,6
2204,205,15,10.0,6,6,0
2212,206,1,156.0,1,1,9
2213,206,3,38.0,3,3,0
2214,206,6,133.0,2,2,6
2215,206,15,10.0,6,6,0
5255,207,3,0.0,6,6,0
5254,207,15,1.0,5,5,0
5251,207,6,6.0,2,2,0
5250,207,1,14.0,1,1,1
5263,208,3,10.0,2,2,1
5262,208,15,1.0,6,6,0
5259,208,6,8.0,4,4,0
5258,208,1,17.0,1,1,1
5273,209,3,20.0,1,1,2
5272,209,15,4.0,7,7,0
5269,209,6,14.0,3,3,0
5268,209,1,19.0,2,2,1
5284,210,3,30.0,1,1,3
5283,210,15,4.0,7,7,0
5280,210,6,24.0,2,2,0
5279,210,1,20.0,3,3,1
5295,211,3,30.0,2,2,3
5294,211,15,4.0,8,8,0
5291,211,6,38.0,1,1,1
5290,211,1,20.0,3,3,1
25360,212,3,40.0,2,2,4
25359,212,15,6.0,8,8,0
25356,212,6,41.0,1,1,1
25355,212,1,21.0,3,3,1
25372,213,3,43.0,2,2,4
25371,213,15,8.0,7,7,0
25368,213,6,51.0,1,1,2
25367,213,1,21.0,4,4,1
25384,214,3,52.0,2,2,4
25383,214,15,8.0,7,7,0
25380,214,6,65.0,1,1,3
25379,214,1,21.0,4,4,1
25396,215,3,62.0,2,2,5
25395,215,15,8.0,7,7,0
25392,215,6,65.0,1,1,3
25391,215,1,24.0,4,4,1
25408,216,3,62.0,2,2,5
25407,216,15,8.0,7,7,0
25404,216,6,71.0,1,1,3
25403,216,1,28.0,4,4,1
25420,217,3,72.0,2,2,6
25419,217,15,12.0,7,7,0
25416,217,6,74.0,1,1,3
25415,217,1,28.0,4,4,1
25432,218,3,78.0,2,2,6
25431,218,15,15.0,7,7,0
25428,218,6,84.0,1,1,4
25427,218,1,28.0,4,4,1
25444,219,3,84.0,2,2,6
25443,219,15,15.0,7,7,0
25440,219,6,85.0,1,1,4
25439,219,1,38.0,4,4,2
25456,220,3,98.0,1,1,7
25455,220,15,15.0,7,7,0
25452,220,6,86.0,2,2,4
25451,220,1,44.0,4,4,2
25468,221,3,112.0,1,1,8
25467,221,15,15.0,7,7,0
25464,221,6,86.0,2,2,4
25463,221,1,44.0,4,4,2
25480,222,3,118.0,1,1,8
25479,222,15,16.0,7,7,0
25476,222,6,100.0,2,2,5
25475,222,1,47.0,4,4,2
25492,223,3,123.0,1,1,8
25491,223,15,16.0,7,7,0
25488,223,6,102.0,2,2,5
25487,223,1,63.0,4,4,3
2418,224,3,16.0,1,1,1
2419,224,6,4.0,2,2,0
2421,224,1,2.0,4,4,0
2424,224,15,0.0,7,7,0
2426,225,3,26.0,1,1,2
2427,225,6,8.0,3,3,0
2429,225,1,5.0,4,4,0
2432,225,15,0.0,7,7,0
2437,226,3,42.0,1,1,3
2438,226,6,10.0,3,3,0
2440,226,1,5.0,4,4,0
2443,226,15,0.0,9,9,0
2448,227,3,55.0,1,1,4
2449,227,6,16.0,2,2,0
2451,227,1,9.0,4,4,0
2454,227,15,0.0,9,9,0
2459,228,3,65.0,1,1,5
2460,228,6,25.0,2,2,0
2462,228,1,9.0,4,4,0
2465,228,15,0.0,9,9,0
2470,229,3,65.0,1,1,5
2471,229,6,25.0,2,2,0
2473,229,1,16.0,4,4,0
2476,229,15,7.0,7,7,0
2481,230,3,69.0,1,1,5
2482,230,6,35.0,2,2,1
2484,230,1,18.0,4,4,0
2487,230,15,10.0,6,6,0
2492,231,3,85.0,1,1,6
2493,231,6,35.0,2,2,1
2495,231,1,23.0,4,4,0
2498,231,15,10.0,6,6,0
2503,232,3,101.0,1,1,7
2504,232,6,35.0,2,2,1
2506,232,1,26.0,4,4,0
2509,232,15,10.0,6,6,0
2514,233,3,111.0,1,1,8
2515,233,6,35.0,3,3,1
2517,233,1,32.0,4,4,0
2520,233,15,10.0,7,7,0
2525,234,3,125.0,1,1,9
2526,234,6,38.0,3,3,1
2528,234,1,34.0,4,4,0
2531,234,15,10.0,7,7,0
2536,235,3,141.0,1,1,10
2537,235,6,38.0,3,3,1
2539,235,1,37.0,4,4,0
2542,235,15,10.0,7,7,0
2547,236,3,149.0,1,1,10
2548,236,6,48.0,3,3,2
2550,236,1,41.0,4,4,0
2553,236,15,10.0,7,7,0
2558,237,3,149.0,1,1,10
2559,237,6,58.0,3,3,3
2561,237,1,45.0,4,4,0
2564,237,15,10.0,7,7,0
2569,238,3,165.0,1,1,11
2570,238,6,64.0,3,3,3
2572,238,1,45.0,4,4,0
2575,238,15,10.0,7,7,0
2580,239,3,175.0,1,1,12
2581,239,6,70.0,2,2,3
2583,239,1,49.0,4,4,0
2586,239,15,11.0,7,7,0
5040,240,1,4.0,4,4,0
5039,240,6,6.0,3,3,0
5038,240,3,6.0,2,2,0
5053,241,15,2.0,5,5,0
5048,241,1,4.0,4,4,0
5047,241,6,13.0,3,3,0
5046,241,3,16.0,2,2,1
5063,242,15,3.0,5,5,0
5058,242,1,6.0,4,4,0
5057,242,6,23.0,2,2,0
5056,242,3,29.0,1,1,2
5076,243,15,3.0,5,5,0
5071,243,1,6.0,4,4,0
5070,243,6,27.0,3,3,0
5069,243,3,32.0,2,2,2
5089,244,15,4.0,5,5,0
5084,244,1,8.0,4,4,0
5083,244,6,31.0,3,3,0
5082,244,3,38.0,2,2,2
5102,245,15,4.0,7,7,0
5097,245,1,8.0,5,5,0
5096,245,6,41.0,2,2,1
5095,245,3,38.0,3,3,2
5115,246,15,4.0,7,7,0
5110,246,1,8.0,5,5,0
5109,246,6,43.0,3,3,1
5108,246,3,48.0,2,2,2
5128,247,15,5.0,7,7,0
5123,247,1,10.0,6,6,0
5122,247,6,49.0,3,3,1
5121,247,3,52.0,2,2,2
5141,248,15,7.0,7,7,0
5136,248,1,10.0,6,6,0
5135,248,6,53.0,3,3,1
5134,248,3,58.0,2,2,2
5154,249,15,9.0,7,7,0
5149,249,1,10.0,6,6,0
5148,249,6,57.0,3,3,1
5147,249,3,74.0,2,2,3
5167,250,15,12.0,7,7,0
5162,250,1,12.0,6,6,0
5161,250,6,57.0,3,3,1
5160,250,3,80.0,2,2,3
5180,251,15,17.0,5,5,0
5175,251,1,21.0,4,4,0
5174,251,6,57.0,3,3,1
5173,251,3,80.0,2,2,3
5193,252,15,18.0,5,5,0
5188,252,1,21.0,4,4,0
5187,252,6,62.0,3,3,1
5186,252,3,94.0,2,2,4
5206,253,15,18.0,6,6,0
5201,253,1,21.0,4,4,0
5200,253,6,68.0,3,3,1
5199,253,3,98.0,2,2,4
5219,254,15,18.0,6,6,0
5214,254,1,21.0,4,4,0
5213,254,6,73.0,3,3,1
5212,254,3,108.0,2,2,4
5232,255,15,18.0,7,7,0
5227,255,1,27.0,4,4,0
5226,255,6,73.0,3,3,1
5225,255,3,108.0,2,2,4
5245,256,15,18.0,7,7,0
5240,256,1,30.0,4,4,0
5239,256,6,73.0,3,3,1
5238,256,3,118.0,2,2,5
25518,257,15,1.0,6,6,0
25515,257,6,4.0,3,3,0
25514,257,3,6.0,2,2,0
25538,258,1,0.0,13,13,0
25532,258,15,3.0,6,6,0
25529,258,6,10.0,2,2,0
25528,258,3,6.0,4,4,0
25552,259,1,4.0,6,6,0
25546,259,15,6.0,5,5,0
25543,259,6,16.0,2,2,0
25542,259,3,7.0,3,3,0
25566,260,1,10.0,3,3,0
25560,260,15,6.0,6,6,0
25557,260,6,22.0,2,2,0
25556,260,3,7.0,5,5,0
25580,261,1,10.0,5,5,0
25574,261,15,6.0,7,7,0
25571,261,6,25.0,2,2,0
25570,261,3,17.0,3,3,1
25594,262,1,10.0,5,5,0
25588,262,15,6.0,7,7,0
25585,262,6,32.0,2,2,0
25584,262,3,25.0,3,3,1
25608,263,1,10.0,5,5,0
25602,263,15,10.0,6,6,0
25599,263,6,36.0,2,2,0
25598,263,3,31.0,3,3,1
25622,264,1,14.0,4,4,0
25616,264,15,10.0,6,6,0
25613,264,6,42.0,3,3,0
25612,264,3,43.0,2,2,2
25636,265,1,14.0,4,4,0
25630,265,15,10.0,7,7,0
25627,265,6,52.0,2,2,1
25626,265,3,43.0,3,3,2
25650,266,1,17.0,4,4,0
25644,266,15,10.0,8,8,0
25641,266,6,52.0,2,2,1
25640,266,3,49.0,3,3,2
25664,267,1,23.0,4,4,0
25658,267,15,10.0,8,8,0
25655,267,6,52.0,3,3,1
25654,267,3,62.0,2,2,3
25678,268,1,29.0,4,4,0
25672,268,15,10.0,8,8,0
25669,268,6,58.0,3,3,1
25668,268,3,73.0,2,2,4
25692,269,1,34.0,4,4,0
25686,269,15,10.0,8,8,0
25683,269,6,58.0,3,3,1
25682,269,3,89.0,1,1,5
25706,270,1,38.0,4,4,0
25700,270,15,11.0,8,8,0
25697,270,6,60.0,3,3,1
25696,270,3,95.0,2,2,5
25720,271,1,38.0,4,4,0
25714,271,15,12.0,7,7,0
25711,271,6,64.0,3,3,1
25710,271,3,108.0,1,1,6
25510,272,1,42.0,4,4,0
25504,272,15,12.0,8,8,0
25501,272,6,71.0,3,3,1
25500,272,3,118.0,1,1,7
4640,273,6,1.0,6,6,0
4639,273,15,2.0,5,5,0
4636,273,1,6.0,2,2,0
4635,273,3,10.0,1,1,1
4647,274,6,1.0,8,8,0
4646,274,15,2.0,7,7,0
4643,274,1,16.0,1,1,1
4642,274,3,16.0,2,2,1
4658,275,6,1.0,8,8,0
4657,275,15,2.0,7,7,0
4654,275,1,26.0,1,1,2
4653,275,3,26.0,2,2,1
4670,276,6,1.0,9,9,0
4669,276,15,5.0,6,6,0
4666,276,1,26.0,2,2,2
4665,276,3,36.0,1,1,2
4682,277,6,2.0,9,9,0
4681,277,15,5.0,6,6,0
4678,277,1,34.0,2,2,2
4677,277,3,46.0,1,1,3
4694,278,6,6.0,7,7,0
4693,278,15,5.0,8,8,0
4690,278,1,44.0,2,2,3
4689,278,3,55.0,1,1,3
4707,279,6,9.0,5,5,0
4706,279,15,6.0,8,8,0
4703,279,1,44.0,2,2,3
4702,279,3,69.0,1,1,4
4720,280,6,9.0,5,5,0
4719,280,15,6.0,8,8,0
4716,280,1,48.0,2,2,3
4715,280,3,85.0,1,1,5
4733,281,6,9.0,6,6,0
4732,281,15,6.0,8,8,0
4729,281,1,50.0,2,2,3
4728,281,3,95.0,1,1,6
4746,282,6,10.0,5,5,0
4745,282,15,6.0,8,8,0
4742,282,1,53.0,2,2,3
4741,282,3,105.0,1,1,7
4759,283,6,14.0,5,5,0
4758,283,15,7.0,8,8,0
4755,283,1,53.0,2,2,3
4754,283,3,115.0,1,1,8
4772,284,6,14.0,5,5,0
4771,284,15,7.0,8,8,0
4768,284,1,56.0,3,3,3
4767,284,3,129.0,1,1,9
4785,285,6,20.0,5,5,0
4784,285,15,10.0,7,7,0
4781,285,1,60.0,3,3,3
4780,285,3,139.0,1,1,10
4798,286,6,23.0,4,4,0
4797,286,15,12.0,7,7,0
4794,286,1,60.0,3,3,3
4793,286,3,149.0,1,1,10
4811,287,6,23.0,4,4,0
4810,287,15,12.0,7,7,0
4807,287,1,74.0,2,2,4
4806,287,3,158.0,1,1,10
4824,288,6,28.0,4,4,0
4823,288,15,12.0,7,7,0
4820,288,1,84.0,2,2,5
4819,288,3,168.0,1,1,10
3248,289,1,6.0,2,2,0
3247,289,3,16.0,1,1,1
3256,290,3,32.0,1,1,2
3257,290,1,9.0,2,2,0
3267,291,3,48.0,1,1,3
3268,291,1,9.0,3,3,0
3278,291,6,5.0,4,4,0
3322,293,3,74.0,1,1,5
3319,292,6,9.0,4,4,0
3309,292,1,12.0,3,3,0
3308,292,3,58.0,1,1,4
3323,293,1,16.0,3,3,0
3333,293,6,9.0,4,4,0
3336,294,3,84.0,1,1,5
3337,294,1,26.0,2,2,1
3347,294,6,9.0,4,4,0
3350,295,3,84.0,1,1,5
3351,295,1,36.0,2,2,2
3361,295,6,13.0,4,4,0
3364,296,3,100.0,1,1,6
3365,296,1,36.0,2,2,2
3375,296,6,13.0,4,4,0
3378,297,3,116.0,1,1,7
3379,297,1,38.0,3,3,2
3389,297,6,13.0,4,4,0
3393,298,3,126.0,1,1,8
3394,298,1,44.0,3,3,2
3404,298,6,15.0,4,4,0
3408,299,3,132.0,1,1,8
3409,299,1,58.0,2,2,3
3419,299,6,16.0,4,4,0
3423,300,3,142.0,1,1,8
3424,300,1,60.0,3,3,3
3434,300,6,16.0,4,4,0
3438,301,3,144.0,1,1,8
3439,301,1,73.0,3,3,4
3449,301,6,16.0,4,4,0
3453,302,3,154.0,1,1,9
3454,302,1,83.0,2,2,4
3464,302,6,16.0,4,4,0
3468,303,3,164.0,1,1,10
3469,303,1,89.0,2,2,4
3479,303,6,18.0,4,4,0
3483,304,3,164.0,1,1,10
3484,304,1,99.0,2,2,5
3494,304,6,21.0,4,4,0
8241,305,3,0.0,12,12,0
8259,306,3,6.0,3,3,0
8277,307,3,6.0,3,3,0
8296,308,3,12.0,3,3,0
8315,309,3,17.0,3,3,0
8334,310,3,33.0,2,2,1
8353,311,3,45.0,2,2,2
8372,312,3,55.0,2,2,3
8391,313,3,71.0,1,1,4
8410,314,3,81.0,2,2,4
8429,315,3,83.0,2,2,4
8448,316,3,93.0,2,2,5
8467,317,3,103.0,2,2,6
8457,317,6,43.0,3,3,0
8486,318,3,117.0,1,1,7
8476,318,6,52.0,3,3,0
8505,319,3,121.0,2,2,7
8495,319,6,55.0,3,3,0
8524,320,3,125.0,2,2,7
8514,320,6,55.5,3,3,0
7626,321,3,4.0,3,3,0
7624,321,1,9.0,1,1,1
7653,322,6,12.0,2,2,1
7645,322,3,6.0,4,4,0
7643,322,1,19.0,1,1,1
7672,323,6,15.0,3,3,1
7664,323,3,15.0,2,2,1
7662,323,1,25.0,1,1,1
7691,324,6,15.0,3,3,1
7683,324,3,18.0,2,2,1
7681,324,1,38.0,1,1,2
7710,325,6,21.0,2,2,1
7702,325,3,18.0,3,3,1
7700,325,1,50.0,1,1,3
7729,326,6,36.0,2,2,2
7721,326,3,20.0,3,3,1
7719,326,1,54.0,1,1,3
7748,327,6,45.0,2,2,3
7740,327,3,21.0,4,4,1
7738,327,1,60.0,1,1,3
7767,328,6,54.0,2,2,4
7759,328,3,27.0,3,3,1
7757,328,1,64.0,1,1,3
7786,329,6,57.0,2,2,4
7778,329,3,30.0,4,4,1
7776,329,1,77.0,1,1,4
7805,330,6,57.0,2,2,4
7797,330,3,42.0,3,3,2
7795,330,1,83.0,1,1,4
7824,331,6,63.0,2,2,4
7816,331,3,42.0,3,3,2
7814,331,1,96.0,1,1,5
7843,332,6,72.0,2,2,4
7835,332,3,44.0,3,3,2
7833,332,1,109.0,1,1,6
7862,333,6,85.0,2,2,5
7854,333,3,44.0,3,3,2
7852,333,1,118.0,1,1,6
7881,334,6,100.0,2,2,6
7873,334,3,49.0,3,3,2
7871,334,1,118.0,1,1,6
7900,335,6,100.0,2,2,6
7892,335,3,54.0,4,4,2
7890,335,1,118.0,1,1,6
7919,336,6,110.0,2,2,6
7911,336,3,57.0,4,4,2
7909,336,1,121.0,1,1,6
4046,1,6,0.0,9,9,0
4045,1,9,0.0,8,8,0
4041,1,3,3.0,4,4,0
8541,2,6,0.0,10,10,0
8540,2,9,1.5,7,7,0
8536,2,3,3.5,5,5,0
8533,2,1,1.0,8,8,0
25734,36,1,14.0,11,E,0
25745,37,1,32.0,11,E,1
25744,37,6,23.0,1,1,1
25766,39,6,49.0,1,1,3
25777,40,6,56.0,1,1,3
25788,41,6,60.0,1,1,3
25799,42,6,71.0,1,1,3
25810,43,6,89.0,1,1,4
25821,44,6,103.0,1,1,5
25832,45,6,111.0,1,1,5
25843,46,6,119.0,1,1,5
25854,47,6,137.0,1,1,6
25865,48,6,143.0,1,1,6
25876,49,6,161.0,1,1,7
25887,50,6,170.0,1,1,7
25898,51,6,186.0,1,1,8
25909,52,6,204.0,1,1,9
7634,321,6,0.0,11,11,0
8231,305,6,6.0,2,2,0
8230,305,1,10.0,1,1,1
8249,306,6,10.0,2,2,0
8248,306,1,24.0,1,1,2
8267,307,6,10.0,2,2,0
8266,307,1,40.0,1,1,3
8286,308,6,16.0,2,2,0
8285,308,1,50.0,1,1,4
8305,309,6,16.0,4,4,0
8304,309,1,50.0,1,1,4
8323,310,1,54.0,1,1,4
8324,310,6,16.0,4,4,0
8342,311,1,58.0,1,1,4
8343,311,6,25.0,3,3,0
8361,312,1,67.0,1,1,4
8362,312,6,29.0,3,3,0
8380,313,1,70.0,2,2,4
8381,313,6,33.0,3,3,0
8399,314,1,83.0,1,1,5
8400,314,6,35.0,3,3,0
8419,315,6,35.0,3,3,0
8418,315,1,99.0,1,1,6
8438,316,6,39.0,3,3,0
8437,316,1,108.0,1,1,6
8456,317,1,114.0,1,1,6
8475,318,1,116.0,2,2,6
8494,319,1,132.0,1,1,7
8513,320,1,139.0,1,1,8
8570,3,9,19.5,2,2,1
8571,3,6,0.0,9,9,0
8566,3,3,3.5,8,8,0
8563,3,1,8.0,4,4,0
8590,4,9,27.5,2,2,1
8583,4,1,13.0,4,4,0
8591,4,6,3.0,9,9,0
8586,4,3,3.5,8,8,0
8593,5,1,13.0,4,4,0
8596,5,3,4.5,8,8,0
8600,5,9,38.5,2,2,1
8601,5,6,6.0,7,7,0
8681,6,6,17.0,4,4,0
8680,6,9,42.5,2,2,1
8676,6,3,7.5,7,7,0
8673,6,1,13.0,5,5,0
8651,7,6,20.0,4,4,0
8643,7,1,13.0,5,5,0
8650,7,9,56.5,2,2,1
8646,7,3,11.5,6,6,0
8671,8,6,26.0,4,4,0
8663,8,1,13.0,6,6,0
8670,8,9,74.5,2,2,2
8666,8,3,15.5,5,5,0
8683,9,1,14.0,6,6,0
8686,9,3,20.5,5,5,0
8690,9,9,92.5,2,2,3
8691,9,6,32.0,4,4,0
8693,10,1,28.0,5,5,1
8696,10,3,25.5,6,6,0
8700,10,9,98.5,2,2,3
8701,10,6,40.0,3,3,0
8703,11,1,41.0,4,4,1
8706,11,3,29.5,6,6,0
8710,11,9,98.5,2,2,3
8711,11,6,46.0,3,3,0
8713,12,1,44.0,4,4,1
8716,12,3,30.5,6,6,0
8720,12,9,104.5,2,2,3
8721,12,6,56.0,3,3,1
8723,13,1,47.0,4,4,1
8726,13,3,30.5,6,6,0
8730,13,9,105.5,2,2,3
8731,13,6,62.0,3,3,1
8733,14,1,59.0,4,4,2
8736,14,3,30.5,6,6,0
8740,14,9,110.5,2,2,3
8741,14,6,62.0,3,3,1
8761,15,6,67.0,3,3,1
8760,15,9,120.5,2,2,4
8756,15,3,34.5,6,6,0
8753,15,1,65.0,4,4,2
8763,16,1,71.0,3,3,2
8766,16,3,34.5,6,6,0
8770,16,9,135.5,2,2,5
8771,16,6,70.0,4,4,1
8772,356,6,9.0,1,1,1
8773,356,1,6.0,2,2,0
8783,356,3,0.0,12,12,0
8792,357,6,9.0,2,2,1
8793,357,1,21.0,1,1,1
8803,357,3,3.0,6,6,0
8812,358,6,9.0,2,2,1
8813,358,1,36.0,1,1,2
8823,358,3,3.0,8,8,0
8832,359,6,9.0,3,3,1
8833,359,1,47.0,1,1,3
8843,359,3,9.0,4,4,0
8852,360,6,9.0,4,4,1
8853,360,1,56.0,1,1,4
8863,360,3,16.0,2,2,0
8872,361,6,9.0,4,4,1
8873,361,1,56.0,1,1,4
8883,361,3,31.0,2,2,1
8892,362,6,15.0,3,3,1
8893,362,1,65.0,1,1,5
8903,362,3,35.0,2,2,1
8912,363,6,21.0,3,3,1
8913,363,1,74.0,1,1,6
8923,363,3,35.0,2,2,1
8932,364,6,25.0,3,3,1
8933,364,1,89.0,1,1,7
8943,364,3,38.0,2,2,1
8952,365,6,34.0,3,3,2
8953,365,1,98.0,1,1,7
8963,365,3,42.0,2,2,1
8972,366,6,38.0,3,3,2
8973,366,1,113.0,1,1,8
8983,366,3,45.0,2,2,1
8992,367,6,44.0,3,3,2
8993,367,1,122.0,1,1,9
9003,367,3,52.0,2,2,1
9012,368,6,53.0,2,2,3
9013,368,1,128.0,1,1,9
9023,368,3,52.0,3,3,1
9032,369,6,59.0,2,2,3
9033,369,1,141.0,1,1,10
9043,369,3,54.0,3,3,1
9133,371,1,141.0,1,1,10
9132,371,6,59.0,3,3,3
9123,370,3,64.0,2,2,1
9112,370,6,59.0,3,3,3
9113,370,1,141.0,1,1,10
9143,371,3,77.0,2,2,2
9152,372,1,9.0,1,1,1
9153,372,6,8.0,2,2,0
9165,372,3,0.0,14,14,0
9170,373,1,24.0,1,1,2
9171,373,6,10.0,2,2,0
9183,373,3,0.0,10,10,0
9188,374,1,33.0,1,1,3
9189,374,6,20.0,2,2,0
9201,374,3,1.0,7,7,0
9206,375,1,48.0,1,1,4
9207,375,6,27.0,2,2,0
9219,375,3,1.0,7,7,0
9224,376,1,63.0,1,1,5
9225,376,6,27.0,2,2,0
9237,376,3,1.0,8,8,0
9242,377,1,78.0,1,1,6
9243,377,6,27.0,2,2,0
9255,377,3,1.0,10,10,0
9260,378,1,93.0,1,1,7
9261,378,6,34.0,2,2,0
9273,378,3,1.0,10,10,0
9278,379,1,102.0,1,1,8
9279,379,6,34.0,2,2,0
9291,379,3,7.0,6,6,0
9296,380,1,117.0,1,1,9
9297,380,6,41.0,2,2,0
9309,380,3,7.0,6,6,0
9314,381,1,132.0,1,1,10
9315,381,6,44.0,2,2,0
9327,381,3,8.0,7,7,0
9332,382,1,147.0,1,1,11
9333,382,6,44.0,2,2,0
9345,382,3,8.0,7,7,0
9350,383,1,147.0,1,1,11
9351,383,6,59.0,2,2,1
9363,383,3,8.0,7,7,0
9368,384,1,157.0,1,1,12
9369,384,6,61.0,2,2,1
9381,384,3,8.0,7,7,0
9386,385,1,169.0,1,1,13
9387,385,6,62.0,2,2,1
9399,385,3,16.0,7,7,0
9404,386,1,184.0,1,1,14
9405,386,6,65.0,2,2,1
9417,386,3,17.0,7,7,0
9422,387,1,199.0,1,1,15
9423,387,6,65.0,2,2,1
9435,387,3,20.0,7,7,0
9440,388,1,13.0,1,1,1
9441,388,3,7.0,2,2,0
9442,388,6,3.0,3,3,0
9453,389,1,16.0,2,2,1
9454,389,3,16.0,1,1,1
9455,389,6,7.0,4,4,0
9468,390,1,31.0,1,1,2
9469,390,3,16.0,2,2,1
9470,390,6,7.0,4,4,0
9483,391,1,31.0,1,1,2
9484,391,3,22.0,2,2,1
9485,391,6,14.0,4,4,0
9498,392,1,35.0,1,1,2
9499,392,3,30.0,2,2,1
9500,392,6,17.0,4,4,0
9513,393,1,39.0,2,2,2
9514,393,3,45.0,1,1,2
9515,393,6,17.0,4,4,0
9528,394,1,39.0,2,2,2
9529,394,3,60.0,1,1,3
9530,394,6,17.0,4,4,0
9543,395,1,45.0,2,2,2
9544,395,3,69.0,1,1,4
9545,395,6,17.0,4,4,0
9558,396,1,49.0,2,2,2
9559,396,3,78.0,1,1,5
9560,396,6,17.0,4,4,0
9573,397,1,50.0,2,2,2
9574,397,3,93.0,1,1,6
9575,397,6,17.0,4,4,0
9588,398,1,51.0,3,3,2
9589,398,3,106.0,1,1,7
9590,398,6,20.0,4,4,0
9604,399,1,62.0,2,2,3
9605,399,3,110.0,1,1,7
9606,399,6,26.0,4,4,0
9620,400,1,72.0,2,2,3
9621,400,3,122.0,1,1,8
9622,400,6,26.0,4,4,0
9636,401,1,72.0,2,2,3
9637,401,3,137.0,1,1,9
9638,401,6,26.0,4,4,0
9652,402,1,76.0,2,2,3
9653,402,3,137.0,1,1,9
9654,402,6,38.0,4,4,1
9668,403,1,76.0,2,2,3
9669,403,3,137.0,1,1,9
9670,403,6,53.0,4,4,2
9684,404,3,9.0,1,1,1
9691,404,6,0.0,8,8,0
9692,404,1,0.0,9,9,0
9697,405,3,15.0,2,2,1
9704,405,6,0.0,10,10,0
9705,405,1,7.0,4,4,0
9710,406,3,21.0,1,1,1
9717,406,6,3.0,6,6,0
9718,406,1,18.0,2,2,1
9723,407,3,24.0,2,2,1
9730,407,6,3.0,6,6,0
9731,407,1,33.0,1,1,2
9736,408,3,33.0,2,2,2
9743,408,6,10.0,5,5,0
9744,408,1,34.0,1,1,2
9749,409,3,46.0,1,1,3
9756,409,6,10.0,5,5,0
9757,409,1,43.0,2,2,2
9788,411,3,61.0,1,1,4
9782,410,6,13.0,5,5,0
9783,410,1,47.0,2,2,2
9775,410,3,48.0,1,1,3
9795,411,6,13.0,5,5,0
9796,411,1,56.0,2,2,2
9801,412,3,76.0,1,1,5
9808,412,6,13.0,5,5,0
9809,412,1,60.0,2,2,2
9814,413,3,89.0,1,1,6
9821,413,6,13.0,5,5,0
9822,413,1,63.0,2,2,2
9827,414,3,102.0,1,1,7
9834,414,6,16.0,5,5,0
9835,414,1,63.0,2,2,2
9840,415,3,102.0,1,1,7
9847,415,6,26.0,5,5,0
9848,415,1,72.0,2,2,3
9853,416,3,117.0,1,1,8
9860,416,6,30.0,4,4,0
9861,416,1,75.0,2,2,3
9867,417,3,130.0,1,1,9
9874,417,6,33.0,4,4,0
9875,417,1,81.0,2,2,3
9881,418,3,135.0,1,1,9
9888,418,6,33.0,4,4,0
9889,418,1,87.0,2,2,3
9895,419,3,141.0,1,1,9
9902,419,6,37.0,4,4,0
9903,419,1,96.0,2,2,4
9909,420,1,9.0,1,1,1
9910,420,6,9.0,2,2,0
9920,420,3,0.0,12,12,0
9923,421,1,9.0,3,3,1
9924,421,6,15.0,2,2,0
9934,421,3,2.0,5,5,0
9938,422,1,12.0,3,3,1
9939,422,6,16.0,2,2,0
9949,422,3,4.0,6,6,0
9953,423,1,21.0,3,3,2
9954,423,6,22.0,2,2,0
9964,423,3,4.0,7,7,0
9969,424,1,25.0,3,3,2
9970,424,6,37.0,1,1,1
9980,424,3,8.0,5,5,0
10028,425,3,17.0,4,4,1
10018,425,6,47.0,1,1,1
10017,425,1,25.0,3,3,2
10050,426,6,50.0,1,1,1
10060,426,3,23.0,4,4,1
10049,426,1,29.0,3,3,2
10065,427,1,38.0,2,2,3
10066,427,6,56.0,1,1,1
10076,427,3,23.0,4,4,1
10081,428,1,46.0,2,2,3
10082,428,6,65.0,1,1,2
10092,428,3,24.0,4,4,1
10097,429,1,55.0,2,2,4
10098,429,6,72.0,1,1,2
10108,429,3,24.0,4,4,1
10113,430,1,70.0,2,2,5
10114,430,6,75.0,1,1,2
10124,430,3,25.0,4,4,1
10129,431,1,79.0,1,1,6
10130,431,6,77.0,2,2,2
10140,431,3,25.0,4,4,1
10146,432,1,83.0,1,1,6
10147,432,6,77.0,2,2,2
10157,432,3,34.0,4,4,1
10163,433,1,86.0,1,1,6
10164,433,6,77.0,2,2,2
10174,433,3,47.0,4,4,2
10180,434,1,90.0,1,1,6
10181,434,6,80.0,2,2,2
10191,434,3,62.0,4,4,3
10197,435,1,90.0,1,1,6
10198,435,6,82.0,2,2,2
10208,435,3,71.0,3,3,4
10214,436,1,9.0,1,1,1
10215,436,3,6.0,2,2,0
10223,436,6,0.0,10,10,0
10227,437,1,24.0,1,1,2
10228,437,3,6.0,2,2,0
10236,437,6,0.0,11,11,0
10242,438,1,24.0,1,1,2
10243,438,3,9.0,4,4,0
10251,438,6,13.0,2,2,1
10288,440,3,10.0,5,5,0
10287,440,1,42.0,1,1,4
10273,439,3,9.0,5,5,0
10281,439,6,19.0,2,2,1
10272,439,1,33.0,1,1,3
10296,440,6,22.0,2,2,1
10302,441,1,46.5,1,1,5
10303,441,3,11.5,5,5,0
10311,441,6,24.5,2,2,1
10317,442,1,56.5,1,1,5
10318,442,3,11.5,5,5,0
10326,442,6,26.5,2,2,1
10332,443,1,59.5,1,1,5
10333,443,3,13.5,6,6,0
10341,443,6,26.5,3,3,1
10347,444,1,59.5,1,1,5
10348,444,3,25.5,4,4,1
10356,444,6,32.5,2,2,1
10362,445,1,68.5,1,1,6
10363,445,3,25.5,5,5,1
10371,445,6,35.5,2,2,1
10377,446,1,83.5,1,1,7
10378,446,3,25.5,5,5,1
10386,446,6,36.5,3,3,1
10392,447,1,92.5,1,1,8
10393,447,3,25.5,6,6,1
10401,447,6,40.5,2,2,1
10407,448,1,107.5,1,1,9
10408,448,3,25.5,6,6,1
10416,448,6,40.5,3,3,1
10452,450,1,128.5,1,1,11
10446,449,6,46.5,2,2,1
10438,449,3,25.5,6,6,1
10437,449,1,116.5,1,1,10
10453,450,3,25.5,6,6,1
10461,450,6,54.5,2,2,1
10467,451,1,143.5,1,1,12
10468,451,3,25.5,6,6,1
10476,451,6,57.5,2,2,1
10483,452,1,4.0,2,2,0
10484,452,3,3.0,3,3,0
10485,452,6,2.0,4,4,0
10498,453,1,19.0,1,1,1
10499,453,3,6.0,4,4,0
10500,453,6,6.0,3,3,0
10513,454,1,19.0,1,1,1
10514,454,3,9.0,5,5,0
10515,454,6,9.0,4,4,0
10528,455,1,21.0,2,2,1
10529,455,3,12.0,5,5,0
10530,455,6,22.0,1,1,1
10543,456,1,21.0,4,4,1
10544,456,3,21.0,5,5,1
10545,456,6,25.0,1,1,1
10558,457,1,21.0,5,5,1
10559,457,3,24.0,4,4,1
10560,457,6,31.0,2,2,1
10573,458,1,25.0,5,5,1
10574,458,3,32.0,2,2,1
10575,458,6,31.0,3,3,1
10588,459,1,26.0,5,5,1
10589,459,3,35.0,3,3,1
10590,459,6,44.0,2,2,2
10603,460,1,27.0,5,5,1
10604,460,3,35.0,3,3,1
10605,460,6,50.0,2,2,2
10619,461,1,29.0,5,5,1
10620,461,3,36.0,4,4,1
10621,461,6,59.0,1,1,3
10635,462,1,30.0,5,5,1
10636,462,3,36.0,4,4,1
10637,462,6,65.0,2,2,3
10651,463,1,34.0,5,5,1
10652,463,3,36.0,4,4,1
10653,463,6,80.0,1,1,4
10667,464,1,34.0,5,5,1
10668,464,3,36.0,4,4,1
10669,464,6,89.0,1,1,4
10701,465,6,89.0,1,1,4
10699,465,1,34.0,5,5,1
10700,465,3,36.0,4,4,1
10715,466,1,34.0,5,5,1
10716,466,3,38.0,4,4,1
10717,466,6,89.0,1,1,4
10731,467,3,8.0,2,2,0
10732,467,1,4.0,3,3,0
10740,467,6,0.0,11,11,0
10748,468,3,8.0,3,3,0
10749,468,1,10.0,2,2,0
10757,468,6,1.0,7,7,0
10765,469,3,14.0,3,3,0
10766,469,1,20.0,2,2,1
10774,469,6,1.0,8,8,0
10782,470,3,14.0,4,4,0
10783,470,1,20.0,2,2,1
10791,470,6,16.0,3,3,1
10799,471,3,20.0,3,3,0
10800,471,1,29.0,1,1,2
10808,471,6,16.0,4,4,1
10816,472,3,21.0,4,4,0
10817,472,1,29.0,1,1,2
10825,472,6,22.0,3,3,1
10833,473,3,26.0,3,3,0
10834,473,1,38.0,1,1,3
10842,473,6,26.0,2,2,1
10850,474,3,26.0,4,4,0
10851,474,1,42.0,1,1,3
10859,474,6,26.0,3,3,1
10867,475,3,32.0,4,4,0
10868,475,1,45.0,1,1,3
10876,475,6,35.0,3,3,2
10884,476,3,34.0,4,4,0
10885,476,1,54.0,1,1,4
10893,476,6,45.0,2,2,2
10901,477,3,36.0,5,5,0
10902,477,1,54.0,1,1,4
10910,477,6,52.0,2,2,2
10918,478,3,40.0,4,4,0
10919,478,1,54.0,2,2,4
10927,478,6,61.0,1,1,3
10935,479,3,46.0,3,3,0
10936,479,1,56.0,2,2,4
10944,479,6,64.0,1,1,3
10952,480,3,55.0,3,3,1
10953,480,1,60.0,2,2,4
10961,480,6,64.0,1,1,3
10969,481,3,55.0,4,4,1
10970,481,1,63.0,2,2,4
10978,481,6,74.0,1,1,3
11029,482,6,74.0,1,1,3
11036,483,3,15.0,1,1,1
11020,482,3,58.0,4,4,1
11021,482,1,69.0,2,2,4
11044,483,6,0.0,9,9,0
11050,483,1,0.0,15,15,0
11052,484,3,30.0,1,1,2
11060,484,6,0.0,13,13,0
11066,484,1,0.0,12,12,0
11068,485,3,39.0,1,1,2
11076,485,6,0.0,14,14,0
11082,485,1,0.0,12,12,0
11084,486,3,43.0,1,1,2
11092,486,6,2.0,8,8,0
11098,486,1,1.0,11,11,0
11101,487,3,52.0,1,1,3
11109,487,6,5.0,7,7,0
11115,487,1,1.0,11,11,0
11118,488,3,58.0,1,1,3
11126,488,6,17.0,3,3,1
11132,488,1,1.0,11,11,0
11135,489,3,61.0,1,1,3
11143,489,6,26.0,2,2,2
11149,489,1,5.0,8,8,0
11152,490,3,61.0,1,1,3
11160,490,6,28.0,3,3,2
11166,490,1,11.0,7,7,0
11169,491,3,67.0,1,1,3
11177,491,6,28.0,3,3,2
11183,491,1,20.0,5,5,1
11220,493,3,72.0,1,1,3
11217,492,1,21.0,6,6,1
11211,492,6,28.0,3,3,2
11203,492,3,67.0,1,1,3
11228,493,6,28.0,5,5,2
11234,493,1,22.0,6,6,1
11237,494,3,76.0,1,1,3
11245,494,6,28.0,5,5,2
11251,494,1,22.0,6,6,1
11254,495,3,86.0,1,1,3
11262,495,6,30.0,5,5,2
11268,495,1,22.0,6,6,1
11271,496,3,86.0,1,1,3
11279,496,6,34.0,5,5,2
11285,496,1,28.0,6,6,1
11288,497,3,95.0,1,1,4
11296,497,6,34.0,5,5,2
11302,497,1,28.0,6,6,1
11305,498,3,9.0,1,1,1
11310,498,1,1.0,6,6,0
11311,498,6,0.0,7,7,0
11320,499,3,13.0,1,1,1
11325,499,1,3.0,8,8,0
11326,499,6,0.0,12,12,0
11335,500,3,15.0,2,2,1
11340,500,1,3.0,8,8,0
11341,500,6,0.0,14,14,0
11350,501,3,15.0,3,3,1
11355,501,1,6.0,8,8,0
11356,501,6,2.0,11,11,0
11365,502,3,25.0,1,1,1
11370,502,1,6.0,8,8,0
11371,502,6,3.0,10,10,0
11380,503,3,34.0,1,1,2
11385,503,1,6.0,8,8,0
11386,503,6,5.0,10,10,0
11395,504,3,44.0,1,1,3
11400,504,1,6.0,8,8,0
11401,504,6,5.0,10,10,0
11410,505,3,57.0,1,1,4
11415,505,1,7.0,8,8,0
11416,505,6,5.0,10,10,0
11425,506,3,67.0,1,1,4
11430,506,1,7.0,8,8,0
11431,506,6,6.0,10,10,0
11440,507,3,77.0,1,1,4
11445,507,1,7.0,9,9,0
11446,507,6,6.0,10,10,0
11455,508,3,80.0,1,1,4
11460,508,1,8.0,8,8,0
11461,508,6,6.0,10,10,0
11470,509,3,90.0,1,1,4
11475,509,1,8.0,9,9,0
11476,509,6,6.0,10,10,0
11485,510,3,105.0,1,1,5
11490,510,1,11.0,8,8,0
11491,510,6,8.0,10,10,0
11500,511,3,120.0,1,1,6
11505,511,1,11.0,9,9,0
11506,511,6,8.0,10,10,0
23987,512,3,0.0,7,7,0
23985,512,6,0.0,9,9,0
23991,512,1,4.0,3,3,0
24002,513,3,0.0,9,9,0
24000,513,6,3.0,5,5,0
24021,514,1,4.0,5,5,0
24017,514,3,0.0,11,11,0
24015,514,6,18.0,2,2,1
24032,515,3,4.0,6,6,0
24051,516,1,4.0,5,5,0
24047,516,3,4.0,6,6,0
24045,516,6,36.0,2,2,2
24067,517,1,5.0,5,5,0
24063,517,3,4.0,6,6,0
24061,517,6,45.0,1,1,3
24084,518,1,8.0,6,6,0
24080,518,3,10.0,5,5,0
24078,518,6,54.0,1,1,4
24101,519,1,8.0,7,7,0
24095,519,6,60.0,1,1,4
24118,520,1,11.0,7,7,0
24112,520,6,62.0,1,1,4
24131,521,3,38.0,3,3,2
24135,521,1,13.0,7,7,0
24150,522,6,74.0,1,1,4
24148,522,3,49.0,3,3,3
24144,522,1,13.0,7,7,0
24167,523,6,80.0,1,1,4
24165,523,3,58.0,3,3,4
24184,524,6,95.0,1,1,5
24182,524,3,62.0,2,2,4
24178,524,1,13.0,7,7,0
24202,525,6,104.0,1,1,5
24200,525,3,75.0,2,2,5
24221,526,6,113.0,1,1,6
24219,526,3,75.0,2,2,5
24215,526,1,15.0,7,7,0
23439,527,1,3.0,4,4,0
23438,527,6,0.0,5,5,0
23431,527,3,0.0,12,12,0
23455,528,1,3.0,6,6,0
23454,528,6,9.0,3,3,1
23447,528,3,0.0,12,12,0
23472,529,1,3.0,6,6,0
23471,529,6,9.0,4,4,1
23464,529,3,3.0,7,7,0
23491,530,1,3.0,7,7,0
23490,530,6,18.0,2,2,2
23483,530,3,3.0,8,8,0
23510,531,1,3.0,8,8,0
23509,531,6,18.0,4,4,2
23502,531,3,3.0,9,9,0
23529,532,1,3.0,8,8,0
23528,532,6,22.0,3,3,2
23521,532,3,3.0,9,9,0
23548,533,1,4.0,8,8,0
23547,533,6,22.0,3,3,2
23540,533,3,3.0,9,9,0
23567,534,1,7.0,9,9,0
23566,534,6,22.0,4,4,2
23559,534,3,3.0,11,11,0
23586,535,1,11.0,5,5,0
23585,535,6,22.0,4,4,2
23578,535,3,5.0,10,10,0
23605,536,1,12.0,5,5,0
23604,536,6,31.0,3,3,3
23597,536,3,5.0,11,11,0
23624,537,1,12.0,7,7,0
23623,537,6,31.0,3,3,3
23616,537,3,5.0,11,11,0
23643,538,1,12.0,8,8,0
23642,538,6,35.0,4,4,3
23635,538,3,5.0,11,11,0
23662,539,1,12.0,8,8,0
23661,539,6,36.0,3,3,3
23654,539,3,5.0,11,11,0
23681,540,1,14.0,8,8,0
23680,540,6,40.0,3,3,3
23673,540,3,5.0,11,11,0
23700,541,1,15.0,8,8,0
23699,541,6,49.0,3,3,4
23692,541,3,11.0,9,9,0
23719,542,1,15.0,8,8,0
23718,542,6,58.0,2,2,5
23711,542,3,11.0,9,9,0
23157,543,1,0.0,12,12,0
23152,543,6,4.0,3,3,0
23169,544,1,6.0,4,4,0
23164,544,6,13.0,1,1,1
23182,545,1,9.0,3,3,0
23177,545,6,22.0,1,1,2
23195,546,1,9.0,4,4,0
23190,546,6,28.0,1,1,2
23209,547,1,12.0,4,4,0
23204,547,6,34.0,1,1,2
23225,548,1,15.0,4,4,0
23220,548,6,40.0,1,1,2
23241,549,1,15.0,4,4,0
23236,549,6,46.0,1,1,2
23257,550,1,21.0,4,4,0
23252,550,6,50.0,1,1,2
23273,551,1,25.0,4,4,0
23268,551,6,50.0,1,1,2
23289,552,1,34.0,3,3,1
23284,552,6,56.0,1,1,2
23307,553,1,34.0,4,4,1
23302,553,6,65.0,1,1,3
23325,554,1,35.0,4,4,1
23320,554,6,71.0,1,1,3
23343,555,1,35.0,4,4,1
23338,555,6,80.0,1,1,4
23361,556,1,38.0,4,4,1
23356,556,6,86.0,1,1,4
23381,557,1,47.0,3,3,2
23376,557,6,89.0,1,1,4
23401,558,1,51.0,4,4,2
23396,558,6,89.0,1,1,4
23421,559,1,60.0,3,3,3
23416,559,6,95.0,1,1,4
22856,560,3,0.0,7,7,0
22854,560,1,1.0,5,5,0
22850,560,6,9.0,1,1,1
22869,561,3,0.0,9,9,0
22867,561,1,7.0,3,3,0
22863,561,6,18.0,1,1,2
22886,562,3,0.0,13,13,0
22884,562,1,9.0,3,3,0
22880,562,6,27.0,1,1,3
22904,563,6,33.0,1,1,3
22900,563,1,18.0,2,2,1
22898,563,3,0.0,15,15,0
22923,564,6,42.0,1,1,4
22919,564,1,19.0,2,2,1
22917,564,3,0.0,16,16,0
22942,565,6,51.0,1,1,5
22938,565,1,21.0,3,3,1
22936,565,3,0.0,16,16,0
22961,566,6,55.0,1,1,5
22957,566,1,23.0,3,3,1
22955,566,3,0.0,16,16,0
22979,567,3,0.0,16,16,0
22977,567,1,31.0,3,3,2
22973,567,6,55.0,1,1,5
22998,568,3,0.0,17,17,0
22996,568,1,31.0,3,3,2
22992,568,6,64.0,1,1,6
23018,569,6,64.0,1,1,6
23014,569,1,40.0,3,3,3
23012,569,3,0.0,17,17,0
23037,570,6,64.0,1,1,6
23033,570,1,43.0,3,3,3
23031,570,3,0.0,17,17,0
23056,571,6,70.0,1,1,6
23052,571,1,52.0,2,2,4
23050,571,3,0.0,17,17,0
23075,572,6,76.0,1,1,6
23071,572,1,52.0,3,3,4
23069,572,3,0.0,17,17,0
23094,573,6,77.0,1,1,6
23090,573,1,61.0,2,2,5
23088,573,3,0.0,17,17,0
23113,574,6,81.0,1,1,6
23109,574,1,70.0,2,2,6
23107,574,3,0.0,17,17,0
23132,575,6,83.0,1,1,6
23128,575,1,74.0,2,2,6
23126,575,3,0.0,17,17,0
22462,576,3,0.0,11,11,0
22461,576,1,9.0,1,1,1
22458,576,6,3.0,4,4,0
22477,577,3,0.0,12,12,0
22475,577,1,15.0,1,1,1
22472,577,6,6.0,4,4,0
22492,578,3,0.0,14,14,0
22490,578,1,16.0,2,2,1
22487,578,6,8.0,4,4,0
22508,579,3,0.0,10,10,0
22506,579,1,20.5,2,2,2
22503,579,6,8.0,4,4,0
22525,580,3,0.0,10,10,0
22523,580,1,26.5,1,1,2
22520,580,6,17.0,3,3,1
22542,581,3,0.0,10,10,0
22540,581,1,26.5,2,2,2
22537,581,6,26.0,3,3,2
22710,582,3,0.0,12,12,0
22708,582,1,26.5,3,3,2
22727,583,3,0.0,12,12,0
22725,583,1,26.5,3,3,2
22745,584,3,0.0,12,12,0
22743,584,1,30.5,3,3,2
22763,585,3,0.0,12,12,0
22761,585,1,39.5,3,3,3
22782,586,3,6.0,8,8,0
22780,586,1,39.5,3,3,3
22801,587,3,6.0,9,9,0
22799,587,1,41.0,3,3,3
22796,587,6,54.5,1,1,4
22821,588,3,6.0,9,9,0
22819,588,1,47.0,3,3,3
22816,588,6,63.5,1,1,5
22841,589,3,6.0,9,9,0
22839,589,1,53.0,3,3,3
22836,589,6,72.5,1,1,6
22218,590,1,9.0,1,1,1
22217,590,6,6.0,2,2,0
22229,591,1,18.0,1,1,2
22228,591,6,12.0,2,2,0
22240,592,1,22.0,1,1,2
22239,592,6,12.0,2,2,0
22252,593,1,26.0,1,1,2
22251,593,6,21.0,2,2,1
22266,594,1,35.0,1,1,3
22265,594,6,27.0,2,2,1
22282,595,1,37.0,1,1,3
22281,595,6,30.0,2,2,1
22298,596,1,40.0,1,1,3
22297,596,6,30.0,2,2,1
22314,597,1,42.0,1,1,3
22313,597,6,39.0,2,2,2
22330,598,1,43.0,2,2,3
22329,598,6,45.0,1,1,2
22346,599,1,49.0,1,1,3
22345,599,6,48.0,2,2,2
22364,600,1,49.0,2,2,3
22363,600,6,57.0,1,1,3
22382,601,1,55.0,2,2,3
22381,601,6,59.0,1,1,3
22400,602,1,61.0,1,1,3
22399,602,6,59.0,2,2,3
22418,603,1,70.0,1,1,4
22417,603,6,65.0,2,2,3
22438,604,1,73.0,1,1,4
22437,604,6,65.0,2,2,3
22035,605,6,3.0,3,3,0
22034,605,1,2.0,4,4,0
21879,606,6,6.0,4,4,0
21878,606,1,6.0,3,3,0
22043,607,1,12.0,3,3,0
22054,608,6,9.0,4,4,0
22053,608,1,15.0,3,3,0
22064,609,6,9.0,4,4,0
22063,609,1,15.0,3,3,0
22075,610,6,9.0,4,4,0
22074,610,1,17.0,3,3,0
22086,611,6,10.0,4,4,0
22085,611,1,26.0,3,3,1
22121,612,6,12.0,4,4,0
22145,614,6,12.0,5,5,0
22144,614,1,38.0,3,3,2
22157,615,6,12.0,5,5,0
22156,615,1,42.0,3,3,2
22169,616,6,12.0,5,5,0
22168,616,1,42.0,3,3,2
22181,617,6,12.0,5,5,0
22180,617,1,46.0,3,3,2
22193,618,6,12.0,5,5,0
22192,618,1,55.0,3,3,3
22205,619,6,12.0,6,6,0
22204,619,1,58.0,3,3,3
21900,620,1,6.0,2,2,0
21899,620,6,4.0,3,3,0
21908,621,6,7.0,3,3,0
21917,622,6,13.0,3,3,0
21926,623,6,19.0,3,3,0
21945,624,6,19.0,3,3,0
21956,625,1,23.0,3,3,1
21955,625,6,19.0,4,4,0
21966,626,1,27.0,3,3,1
21965,626,6,20.0,4,4,0
21977,627,1,29.0,4,4,1
21976,627,6,29.0,3,3,1
21988,628,1,35.0,2,2,1
21987,628,6,29.0,4,4,1
22000,629,1,39.0,2,2,1
21999,629,6,29.0,4,4,1
22012,630,1,45.0,2,2,1
22011,630,6,31.0,4,4,1
22024,631,1,47.0,3,3,1
22023,631,6,33.0,4,4,1
21678,632,6,9.0,1,1,1
21674,632,1,1.0,5,5,0
21688,633,6,15.0,1,1,1
21684,633,1,3.0,6,6,0
21698,634,6,19.0,2,2,1
21694,634,1,6.0,5,5,0
21706,635,1,6.0,6,6,0
21702,635,6,28.0,1,1,2
21717,636,1,6.0,7,7,0
21713,636,6,28.0,2,2,2
21730,637,6,28.0,2,2,2
21726,637,1,6.0,7,7,0
21741,638,6,32.0,2,2,2
21737,638,1,6.0,7,7,0
21750,639,1,6.0,7,7,0
21746,639,6,32.0,2,2,2
21761,640,1,6.0,8,8,0
21757,640,6,32.0,2,2,2
21773,641,1,10.0,6,6,0
21769,641,6,32.0,2,2,2
21787,642,6,33.0,3,3,2
21783,642,1,10.0,6,6,0
13919,17,1,71.0,3,3,2
13922,17,3,34.5,7,7,0
13926,17,9,153.5,2,2,6
13927,17,6,70.0,4,4,1
20920,667,6,3.0,3,3,0
20933,668,6,3.0,5,5,0
20947,669,6,3.0,6,6,0
20960,670,6,7.0,5,5,0
20977,671,6,10.0,5,5,0
20992,672,6,19.0,3,3,1
21005,673,6,25.0,2,2,1
21022,674,6,28.0,3,3,1
21037,675,6,32.0,3,3,1
21056,676,6,32.0,4,4,1
21071,677,6,32.0,4,4,1
21088,678,6,32.0,4,4,1
20752,680,6,4.0,5,5,0
20767,681,6,7.0,4,4,0
20782,682,6,11.0,3,3,0
20796,683,6,11.0,4,4,0
20811,684,6,15.0,4,4,0
20828,685,6,19.0,4,4,0
20846,686,6,20.0,4,4,0
20865,687,6,20.0,4,4,0
20884,688,6,20.0,4,4,0
20904,689,6,20.0,5,5,0
20627,690,6,6.0,2,2,0
20639,691,6,15.0,1,1,1
20650,692,6,21.0,1,1,1
20663,693,6,21.0,2,2,1
20674,694,6,22.0,2,2,1
20687,695,6,23.0,2,2,1
20700,696,6,31.0,2,2,2
20715,697,6,31.0,2,2,2
20358,699,6,6.0,2,2,0
20371,700,6,12.0,2,2,0
20419,703,6,20.0,3,3,0
20467,706,6,24.0,3,3,0
19793,719,6,3.0,3,3,0
20072,710,6,6.0,3,3,0
19808,720,6,3.0,5,5,0
19832,722,6,7.0,5,5,0
19844,723,6,13.0,5,5,0
19857,724,6,22.0,3,3,1
20064,709,6,0.0,6,6,0
19512,729,6,4.0,3,3,0
19519,730,6,10.0,3,3,0
19528,731,6,14.0,3,3,0
19548,733,6,14.0,4,4,0
19537,732,6,14.0,4,4,0
19560,734,6,15.0,6,6,0
18901,762,117,0.0,5,5,0
18913,763,117,0.0,5,5,0
18869,759,117,0.0,8,8,0
18861,758,117,0.0,7,7,0
19906,727,6,24.0,3,3,1
19888,726,6,24.0,3,3,1
19871,725,6,22.0,3,3,1
19386,745,6,45.0,1,1,5
19326,738,6,6.0,2,2,0
19126,755,6,26.0,3,3,1
19124,755,117,0.0,10,10,0
19121,754,117,0.0,9,9,0
19112,754,6,26.0,3,3,1
19101,753,6,19.0,3,3,0
19099,753,117,0.0,6,6,0
19089,752,6,16.0,3,3,0
19087,752,117,0.0,6,6,0
19085,751,117,0.0,10,10,0
19076,751,6,15.0,3,3,0
19066,750,6,15.0,3,3,0
19064,750,117,0.0,9,9,0
19055,749,6,12.0,3,3,0
19053,749,117,0.0,8,8,0
19046,748,6,10.0,2,2,0
19036,747,6,10.0,2,2,0
19027,746,6,6.0,2,2,0
18855,758,6,8.0,3,3,0
18841,756,6,6.0,2,2,0
18848,757,6,6.0,2,2,0
17834,774,6,40.0,2,2,2
19610,737,6,18.0,6,6,0
19576,735,6,18.0,5,5,0
18863,759,6,16.0,2,2,1
18877,760,117,0.0,5,5,0
17825,773,6,40.0,2,2,2
18871,760,6,16.0,2,2,1
17816,772,6,37.0,1,1,2
18889,761,117,0.0,6,6,0
17807,771,6,36.0,1,1,2
19593,736,6,18.0,6,6,0
18883,761,6,24.0,2,2,2
19362,743,6,42.0,1,1,4
19352,742,6,42.0,1,1,4
17789,769,6,20.0,1,1,0
19343,741,6,33.0,1,1,3
17780,768,6,14.0,2,2,0
17763,766,6,12.0,2,2,0
17771,767,6,14.0,2,2,0
17760,765,6,6.0,2,2,0
17798,770,6,28.0,1,1,1
17843,775,6,40.0,2,2,2
19336,740,6,24.0,1,1,2
22132,613,1,35.0,3,3,2
22133,613,6,12.0,5,5,0
22120,612,1,26.0,3,3,1
22044,607,6,9.0,4,4,0
21918,622,1,17.0,1,1,1
21909,621,1,15.0,1,1,1
21946,624,1,23.0,2,2,1
21927,623,1,19.0,1,1,1
21660,655,6,52.0,2,2,4
21648,654,6,46.0,2,2,3
21636,653,6,43.0,2,2,3
21625,652,6,34.0,4,4,2
21614,651,6,25.0,5,5,1
21603,650,6,16.0,5,5,0
21592,649,6,10.0,7,7,0
21582,648,6,7.0,7,7,0
21572,647,6,7.0,7,7,0
21563,646,6,3.0,7,7,0
21554,645,6,0.0,8,8,0
21545,644,6,0.0,7,7,0
21342,662,6,4.0,5,5,0
21318,659,6,4.0,5,5,0
21537,643,6,0.0,7,7,0
21380,666,6,7.0,6,6,0
21370,665,6,7.0,5,5,0
21360,664,6,5.0,5,5,0
21351,663,6,5.0,5,5,0
21334,661,6,4.0,5,5,0
21326,660,6,4.0,5,5,0
21310,658,6,0.0,8,8,0
21303,657,6,0.0,7,7,0
21296,656,6,0.0,6,6,0
21102,678,1,0.0,14,14,0
21085,677,1,0.0,14,14,0
21068,676,1,0.0,14,14,0
21051,675,1,0.0,14,14,0
21034,674,1,0.0,14,14,0
20730,698,6,31.0,2,2,2
20499,708,6,26.0,4,4,0
20483,707,6,26.0,3,3,0
20451,705,6,21.0,3,3,0
20435,704,6,20.0,3,3,0
20403,702,6,16.0,3,3,0
20387,701,6,12.0,3,3,0
20168,718,6,45.0,1,1,3
20155,717,6,43.0,1,1,3
20137,716,6,37.0,1,1,3
20125,715,6,28.0,3,3,2
20113,714,6,19.0,3,3,1
20102,713,6,10.0,4,4,0
20092,712,6,6.0,5,5,0
20082,711,6,6.0,4,4,0
19925,728,6,26.0,4,4,1
19820,721,6,7.0,5,5,0
19373,744,6,45.0,1,1,5
19329,739,6,15.0,1,1,1
18925,764,117,0.0,5,5,0
18919,764,6,32.0,2,2,2
18907,763,6,32.0,2,2,2
18895,762,6,28.0,2,2,2
22705,582,6,35.0,1,1,3
22722,583,6,41.0,1,1,3
22740,584,6,50.0,1,1,4
22758,585,6,50.0,1,1,4
22777,586,6,54.0,1,1,4
24006,513,1,4.0,3,3,0
24030,515,6,33.0,1,1,2
24036,515,1,4.0,5,5,0
24097,519,3,14.0,5,5,0
24114,520,3,23.0,4,4,1
24129,521,6,65.0,1,1,4
24161,523,1,13.0,7,7,0
24196,525,1,14.0,7,7,0
24232,337,6,43.0,1,1,1
24233,337,1,21.0,2,2,0
24234,337,9,16.0,4,4,0
24235,337,131,18.0,3,3,0
24237,337,3,1.0,6,6,0
24241,337,15,0.0,10,10,0
24244,338,6,70.0,1,1,1
24245,338,1,54.0,2,2,1
24246,338,9,18.0,5,5,0
24247,338,131,29.0,3,3,0
24249,338,3,5.0,7,7,0
24253,338,15,0.0,9,9,0
24256,339,6,76.0,1,1,1
24257,339,1,66.0,2,2,1
24258,339,9,61.0,3,3,1
24259,339,131,44.0,4,4,0
24261,339,3,6.0,7,7,0
24265,339,15,0.0,9,9,0
24268,340,6,90.0,2,2,1
24269,340,1,109.0,1,1,2
24270,340,9,73.0,3,3,1
24271,340,131,60.0,4,4,0
24273,340,3,6.0,7,7,0
24277,340,15,0.0,9,9,0
24280,341,6,116.0,2,2,1
24281,341,1,119.0,1,1,2
24282,341,9,113.0,3,3,2
24283,341,131,72.0,4,4,0
24285,341,3,8.0,7,7,0
24289,341,15,0.0,9,9,0
24316,343,6,146.0,3,3,1
24307,342,131,78.0,4,4,0
24313,342,15,0.0,9,9,0
24309,342,3,8.0,7,7,0
24306,342,9,156.0,1,1,3
24305,342,1,129.0,3,3,2
24304,342,6,136.0,2,2,1
24317,343,1,172.0,1,1,3
24318,343,9,171.0,2,2,3
24319,343,131,100.0,4,4,0
24321,343,3,8.0,7,7,0
24325,343,15,1.0,9,9,0
24328,344,6,161.0,3,3,1
24329,344,1,215.0,1,1,4
24330,344,9,193.0,2,2,3
24331,344,131,108.0,4,4,0
24333,344,3,8.0,8,8,0
24337,344,15,1.0,9,9,0
24340,345,6,165.0,3,3,1
24341,345,1,248.0,1,1,4
24342,345,9,218.0,2,2,4
24343,345,131,109.0,4,4,0
24345,345,3,20.0,7,7,0
24349,345,15,7.0,9,9,0
24352,346,6,165.0,3,3,1
24353,346,1,278.0,1,1,4
24354,346,9,249.0,2,2,5
24355,346,131,126.0,4,4,0
24357,346,3,31.0,7,7,0
24361,346,15,15.0,8,8,0
24364,347,6,208.0,3,3,2
24365,347,1,300.0,1,1,4
24366,347,9,272.0,2,2,5
24367,347,131,132.0,4,4,0
24369,347,3,31.0,7,7,0
24373,347,15,15.0,8,8,0
24376,348,6,238.0,3,3,2
24377,348,1,304.0,2,2,4
24378,348,9,312.0,1,1,6
24379,348,131,132.0,4,4,0
24381,348,3,40.0,7,7,0
24385,348,15,23.0,8,8,0
24388,349,6,250.0,3,3,2
24389,349,1,329.0,2,2,5
24390,349,9,330.0,1,1,6
24391,349,131,146.0,4,4,0
24393,349,3,40.0,7,7,0
24397,349,15,27.0,8,8,0
24400,350,6,290.0,3,3,3
24401,350,1,347.0,2,2,5
24402,350,9,350.0,1,1,6
24403,350,131,158.0,4,4,0
24405,350,3,47.0,7,7,0
24409,350,15,27.0,8,8,0
24445,351,15,27.0,8,8,0
24437,351,1,359.0,2,2,5
24438,351,9,383.0,1,1,6
24439,351,131,168.0,4,4,0
24441,351,3,56.0,7,7,0
24436,351,6,319.0,3,3,4
24457,352,15,37.0,8,8,0
24449,352,1,381.0,2,2,5
24450,352,9,426.0,1,1,7
24451,352,131,176.0,4,4,0
24453,352,3,58.0,7,7,0
24448,352,6,334.0,3,3,4
24481,353,15,43.0,8,8,0
24477,353,3,65.0,7,7,0
24475,353,131,188.0,4,4,0
24474,353,9,426.0,1,1,7
24473,353,1,399.0,2,2,5
24472,353,6,374.0,3,3,5
24484,354,6,389.0,3,3,5
24485,354,1,421.0,2,2,5
24486,354,9,469.0,1,1,8
24487,354,131,202.0,4,4,0
24489,354,3,69.0,6,6,0
24493,354,15,44.0,8,8,0
24496,355,6,396.0,3,3,5
24497,355,1,454.0,2,2,5
24498,355,9,498.0,1,1,9
24499,355,131,214.0,4,4,0
24501,355,3,69.0,6,6,0
24505,355,15,44.0,8,8,0
24541,842,1,48.0,2,2,0
24540,842,9,72.0,1,1,2
24669,841,131,0.0,10,10,0
24668,841,3,0.0,9,9,0
24663,841,6,18.0,3,3,0
24661,841,1,26.0,2,2,0
24660,841,9,35.0,1,1,1
24543,842,6,36.0,3,3,0
24548,842,3,0.0,11,11,0
24549,842,131,2.0,8,8,0
24550,842,15,6.0,5,5,0
24552,843,9,105.0,1,1,2
24553,843,1,85.0,2,2,1
24555,843,6,50.0,3,3,0
24560,843,3,0.0,10,10,0
24561,843,131,16.0,5,5,0
24562,843,15,7.0,6,6,0
24564,844,9,148.0,1,1,3
24565,844,1,105.0,2,2,1
24567,844,6,65.0,3,3,0
24572,844,3,0.0,10,10,0
24573,844,131,26.0,5,5,0
24574,844,15,8.0,6,6,0
24576,845,9,185.0,1,1,4
24577,845,1,138.0,2,2,1
24579,845,6,75.0,3,3,0
24584,845,3,0.0,9,9,0
24585,845,131,40.0,5,5,0
24586,845,15,11.0,6,6,0
24588,846,9,222.0,1,1,5
24589,846,1,161.0,2,2,1
24591,846,6,93.0,3,3,0
24596,846,3,2.0,9,9,0
24597,846,131,40.0,5,5,0
24598,846,15,21.0,6,6,0
24600,847,9,255.0,1,1,5
24601,847,1,186.0,2,2,2
24603,847,6,101.0,3,3,0
24608,847,3,4.0,9,9,0
24609,847,131,52.0,5,5,0
24610,847,15,27.0,6,6,0
24612,848,9,295.0,1,1,6
24613,848,1,206.0,2,2,2
24615,848,6,129.0,3,3,0
24620,848,3,4.0,9,9,0
24621,848,131,58.0,5,5,0
24622,848,15,27.0,6,6,0
24624,849,9,328.0,1,1,6
24625,849,1,218.0,2,2,2
24627,849,6,164.0,3,3,1
24632,849,3,4.0,9,9,0
24633,849,131,68.0,4,4,0
24634,849,15,33.0,6,6,0
24636,850,9,355.0,1,1,6
24637,850,1,243.0,2,2,3
24639,850,6,192.0,3,3,1
24644,850,3,4.0,9,9,0
24645,850,131,78.0,4,4,0
24646,850,15,35.0,6,6,0
24648,851,9,383.0,1,1,6
24649,851,1,280.0,2,2,4
24651,851,6,215.0,3,3,1
24656,851,3,4.0,9,9,0
24657,851,131,80.0,4,4,0
24658,851,15,35.0,6,6,0
24670,852,9,426.0,1,1,7
24671,852,1,295.0,2,2,4
24673,852,6,231.0,3,3,1
24678,852,3,5.0,9,9,0
24679,852,131,98.0,4,4,0
24680,852,15,35.0,6,6,0
24682,853,9,451.0,1,1,8
24683,853,1,325.0,2,2,4
24685,853,6,254.0,3,3,1
24690,853,3,5.0,9,9,0
24691,853,131,108.0,4,4,0
24692,853,15,35.0,7,7,0
24694,854,9,491.0,1,1,9
24695,854,1,353.0,2,2,4
24697,854,6,268.0,3,3,1
24702,854,3,5.0,9,9,0
24703,854,131,114.0,4,4,0
24704,854,15,36.0,7,7,0
24706,855,9,518.0,1,1,9
24707,855,1,388.0,2,2,5
24709,855,6,292.0,3,3,1
24714,855,3,5.0,9,9,0
24715,855,131,123.0,4,4,0
24716,855,15,40.0,7,7,0
24718,856,9,558.0,1,1,10
24719,856,1,418.0,2,2,5
24721,856,6,310.0,3,3,1
24726,856,3,5.0,9,9,0
24727,856,131,127.0,4,4,0
24728,856,15,40.0,7,7,0
24730,857,9,595.0,1,1,11
24731,857,1,442.0,2,2,5
24733,857,6,325.0,3,3,1
24738,857,3,5.0,9,9,0
24739,857,131,145.0,4,4,0
24740,857,15,41.0,7,7,0
24742,858,9,607.0,1,1,11
24743,858,1,482.0,2,2,6
24745,858,6,353.0,3,3,1
24750,858,3,5.0,9,9,0
24751,858,131,159.0,4,4,0
24752,858,15,42.0,7,7,0
24754,859,9,650.0,1,1,12
24755,859,1,497.0,2,2,6
24757,859,6,375.0,3,3,1
24762,859,3,5.0,9,9,0
24763,859,131,165.0,4,4,0
24764,859,15,44.0,7,7,0
24932,860,1,40.0,1,1,1
24940,860,3,0.0,9,9,0
24939,860,131,0.0,8,8,0
24935,860,15,12.0,3,3,0
24934,860,6,10.0,4,4,0
24933,860,9,30.0,2,2,0
24777,861,1,55.0,1,1,1
24778,861,9,42.0,2,2,0
24779,861,6,35.0,3,3,1
24780,861,15,30.0,4,4,0
24784,861,131,1.0,9,9,0
24785,861,3,8.0,7,7,0
24789,862,1,88.0,1,1,1
24790,862,9,64.0,2,2,0
24791,862,6,37.0,3,3,1
24792,862,15,31.0,4,4,0
24796,862,131,26.0,5,5,1
24797,862,3,18.0,7,7,0
24844,864,3,43.0,6,6,1
24843,864,131,43.0,5,5,1
24839,864,15,41.0,7,7,0
24838,864,6,63.0,4,4,1
24837,864,9,109.0,1,1,1
24836,864,1,98.0,2,2,1
24824,863,1,92.0,2,2,1
24825,863,9,101.0,1,1,1
24826,863,6,45.0,4,4,1
24827,863,15,31.0,6,6,0
24831,863,131,37.0,5,5,1
24832,863,3,18.0,7,7,0
24848,865,1,108.0,2,2,1
24849,865,9,146.0,1,1,2
24850,865,6,86.0,3,3,1
24851,865,15,41.0,7,7,0
24855,865,131,61.0,5,5,1
24856,865,3,44.0,6,6,1
24860,866,1,133.0,2,2,2
24861,866,9,164.0,1,1,2
24862,866,6,97.0,4,4,1
24863,866,15,58.0,6,6,0
24867,866,131,69.0,5,5,1
24868,866,3,44.0,7,7,1
24872,867,1,137.0,2,2,2
24873,867,9,176.0,1,1,2
24874,867,6,122.0,4,4,2
24875,867,15,60.0,6,6,0
24879,867,131,92.0,5,5,1
24880,867,3,45.0,7,7,1
24884,868,1,142.0,4,4,2
24885,868,9,216.0,1,1,3
24886,868,6,152.0,2,2,2
24887,868,15,60.0,6,6,0
24891,868,131,98.0,5,5,1
24892,868,3,47.0,7,7,1
24974,869,131,105.0,5,5,1
24975,869,3,47.0,7,7,1
24970,869,15,80.0,6,6,0
24969,869,6,177.0,2,2,3
24968,869,9,230.0,1,1,3
24967,869,1,160.0,3,3,2
24992,871,9,272.0,1,1,3
24986,870,131,106.0,5,5,1
24991,871,1,218.0,2,2,4
24979,870,1,193.0,2,2,3
24980,870,9,246.0,1,1,3
24982,870,15,80.0,6,6,0
24981,870,6,189.0,4,4,3
24987,870,3,53.0,7,7,1
24993,871,6,199.0,4,4,3
24994,871,15,80.0,6,6,0
24998,871,131,112.0,5,5,1
24999,871,3,53.0,8,8,1
25003,872,1,243.0,2,2,5
25004,872,9,272.0,1,1,3
25005,872,6,226.0,3,3,3
25006,872,15,100.0,6,6,0
25010,872,131,126.0,5,5,1
25011,872,3,54.0,8,8,1
25047,873,3,54.0,8,8,1
25046,873,131,136.0,5,5,1
25042,873,15,101.0,6,6,0
25041,873,6,245.0,3,3,3
25040,873,9,297.0,1,1,4
25039,873,1,261.0,2,2,5
25059,874,3,58.0,8,8,1
25058,874,131,136.0,5,5,1
25054,874,15,116.0,6,6,0
25053,874,6,263.0,3,3,3
25052,874,9,324.0,1,1,5
25051,874,1,283.0,2,2,5
25063,875,1,284.0,3,3,5
25064,875,9,367.0,1,1,6
25065,875,6,290.0,2,2,3
25066,875,15,116.0,6,6,0
25070,875,131,136.0,5,5,1
25071,875,3,58.0,8,8,1
25095,876,3,59.0,8,8,1
25094,876,131,136.0,5,5,1
25090,876,15,116.0,6,6,0
25089,876,6,316.0,2,2,3
25088,876,9,407.0,1,1,7
25087,876,1,306.0,3,3,5
25099,877,1,318.0,3,3,5
25100,877,9,422.0,1,1,7
25101,877,6,340.0,2,2,3
25102,877,15,124.0,6,6,0
25106,877,131,136.0,5,5,1
25107,877,3,73.0,8,8,1
25111,878,1,353.0,3,3,6
25112,878,9,440.0,1,1,7
25113,878,6,367.0,2,2,3
25114,878,15,124.0,6,6,0
25118,878,131,136.0,5,5,1
25119,878,3,76.0,8,8,1
25123,879,1,378.0,3,3,7
25124,879,9,460.0,1,1,7
25125,879,6,400.0,2,2,3
25126,879,15,126.0,6,6,0
25130,879,131,142.0,5,5,1
25131,879,3,76.0,8,8,1
25136,880,6,30.0,1,1,0
25137,880,9,23.0,3,3,0
25138,880,131,10.0,4,4,0
25140,880,1,2.0,6,6,0
25142,880,15,0.0,8,8,0
25143,880,3,0.0,9,9,0
25147,881,6,40.0,3,3,0
25148,881,9,66.0,1,1,1
25149,881,131,37.0,4,4,0
25151,881,1,4.0,7,7,0
25153,881,15,4.0,6,6,0
25154,881,3,0.0,9,9,0
25158,882,6,73.0,2,2,1
25159,882,9,78.0,1,1,1
25160,882,131,52.0,4,4,0
25162,882,1,14.0,5,5,0
25164,882,15,5.0,8,8,0
25165,882,3,0.0,9,9,0
25169,883,6,77.0,3,3,1
25170,883,9,109.0,1,1,2
25171,883,131,64.0,4,4,0
25173,883,1,23.0,6,6,0
25175,883,15,5.0,8,8,0
25176,883,3,0.0,9,9,0
25180,884,6,117.0,2,2,2
25181,884,9,131.0,1,1,2
25182,884,131,72.0,4,4,0
25184,884,1,29.0,6,6,0
25186,884,15,5.0,8,8,0
25187,884,3,0.0,9,9,0
25191,885,6,123.0,2,2,2
25192,885,9,164.0,1,1,2
25193,885,131,109.0,4,4,1
25195,885,1,37.0,6,6,0
25197,885,15,5.0,8,8,0
25198,885,3,0.0,9,9,0
25202,886,6,145.0,2,2,2
25203,886,9,201.0,1,1,3
25204,886,131,134.0,3,3,1
25206,886,1,37.0,6,6,0
25208,886,15,5.0,8,8,0
25209,886,3,0.0,9,9,0
25213,887,6,168.0,3,3,2
25214,887,9,219.0,1,1,3
25215,887,131,171.0,2,2,2
25217,887,1,37.0,6,6,0
25219,887,15,6.0,8,8,0
25220,887,3,0.0,9,9,0
25224,888,6,180.0,3,3,2
25225,888,9,250.0,1,1,4
25226,888,131,183.0,2,2,2
25228,888,1,49.0,6,6,0
25230,888,15,7.0,8,8,0
25231,888,3,0.0,9,9,0
25235,890,6,194.0,3,3,2
25236,890,9,277.0,1,1,4
25237,890,131,208.0,2,2,3
25239,890,1,57.0,6,6,0
25241,890,15,7.0,8,8,0
25242,890,3,1.0,9,9,0
25246,891,6,218.0,3,3,2
25247,891,9,312.0,1,1,5
25248,891,131,235.0,2,2,3
25250,891,1,65.0,5,5,0
25252,891,15,7.0,8,8,0
25253,891,3,1.0,9,9,0
25285,893,15,19.0,8,8,0
25286,893,3,1.0,9,9,0
25283,893,1,76.0,5,5,0
25281,893,131,267.0,3,3,3
25280,893,9,377.0,1,1,7
25279,893,6,274.0,2,2,2
25268,892,6,248.0,2,2,2
25269,892,9,352.0,1,1,6
25270,892,131,245.0,3,3,3
25272,892,1,66.0,5,5,0
25274,892,15,17.0,8,8,0
25275,892,3,1.0,9,9,0
25290,894,6,284.0,2,2,2
25291,894,9,402.0,1,1,8
25292,894,131,283.0,3,3,3
25294,894,1,81.0,5,5,0
25296,894,15,31.0,7,7,0
25297,894,3,1.0,9,9,0
25301,895,6,297.0,2,2,2
25302,895,9,445.0,1,1,9
25303,895,131,287.0,3,3,3
25305,895,1,83.0,5,5,0
25307,895,15,45.0,7,7,0
25308,895,3,1.0,9,9,0
25312,896,6,309.0,3,3,2
25313,896,9,470.0,1,1,10
25314,896,131,313.0,2,2,3
25316,896,1,93.0,5,5,0
25318,896,15,45.0,7,7,0
25319,896,3,1.0,9,9,0
25323,897,6,323.0,3,3,2
25324,897,9,513.0,1,1,11
25325,897,131,334.0,2,2,3
25327,897,1,95.0,5,5,0
25329,897,15,45.0,7,7,0
25330,897,3,1.0,9,9,0
25334,898,6,333.0,3,3,2
25335,898,9,553.0,1,1,12
25336,898,131,348.0,2,2,3
25338,898,1,102.0,5,5,0
25340,898,15,53.0,7,7,0
25341,898,3,5.0,9,9,0
25345,899,6,354.0,3,3,2
25346,899,9,596.0,1,1,13
25347,899,131,360.0,2,2,3
25349,899,1,122.0,5,5,0
25351,899,15,57.0,7,7,0
25352,899,3,5.0,9,9,0
25524,257,1,0.0,12,12,0
25733,36,6,13.0,1,1,1
25943,901,1,43.0,2,2,0
25942,901,131,68.0,1,1,2
25941,900,9,0.0,11,11,0
25937,900,15,0.0,7,7,0
25934,900,3,10.0,4,4,0
25933,900,6,18.0,3,3,0
25932,900,1,33.0,1,1,0
25931,900,131,25.0,2,2,1
25944,901,6,30.0,3,3,0
25945,901,3,20.0,4,4,0
25948,901,15,0.0,8,8,0
25952,901,9,15.0,6,6,0
25953,902,131,111.0,1,1,3
25954,902,1,43.0,3,3,0
25955,902,6,33.0,5,5,0
25956,902,3,30.0,6,6,0
25959,902,15,0.0,9,9,0
25963,902,9,35.0,4,4,0
25964,903,131,154.0,1,1,4
25965,903,1,43.0,5,5,0
25966,903,6,52.0,4,4,0
25967,903,3,36.0,6,6,0
25970,903,15,0.0,9,9,0
25974,903,9,57.0,2,2,0
25975,904,131,197.0,1,1,5
25976,904,1,43.0,6,6,0
25977,904,6,66.0,3,3,0
25978,904,3,46.0,5,5,0
25981,904,15,0.0,9,9,0
25985,904,9,84.0,2,2,0
25986,905,131,240.0,1,1,6
25987,905,1,52.0,5,5,0
25988,905,6,78.0,3,3,0
25989,905,3,52.0,6,6,0
25992,905,15,0.0,10,10,0
25996,905,9,99.0,2,2,0
25997,906,131,258.0,1,1,6
25998,906,1,66.0,5,5,0
25999,906,6,87.0,3,3,0
26000,906,3,58.0,6,6,0
26003,906,15,0.0,10,10,0
26007,906,9,139.0,2,2,1
26008,907,131,301.0,1,1,7
26009,907,1,72.0,6,6,0
26010,907,6,98.0,3,3,0
26011,907,3,85.0,5,5,0
26014,907,15,0.0,10,10,0
26018,907,9,143.0,2,2,1
26019,908,131,326.0,1,1,8
26020,908,1,90.0,6,6,0
26021,908,6,106.0,3,3,0
26022,908,3,103.0,4,4,0
26025,908,15,0.0,10,10,0
26029,908,9,168.0,2,2,1
26030,909,131,366.0,1,1,9
26031,909,1,96.0,6,6,0
26032,909,6,116.0,4,4,0
26033,909,3,121.0,3,3,0
26036,909,15,0.0,10,10,0
26040,909,9,188.0,2,2,1
26041,910,131,393.0,1,1,9
26042,910,1,97.0,6,6,0
26043,910,6,142.0,3,3,0
26044,910,3,135.0,4,4,0
26047,910,15,0.0,10,10,0
26051,910,9,219.0,2,2,2
26052,911,131,411.0,1,1,9
26053,911,1,105.0,5,5,0
26054,911,6,160.0,3,3,0
26055,911,3,150.0,4,4,0
26058,911,15,0.0,10,10,0
26062,911,9,254.0,2,2,3
26063,912,131,454.0,1,1,10
26064,912,1,110.0,5,5,0
26065,912,6,162.0,4,4,0
26066,912,3,177.0,3,3,0
26069,912,15,0.0,10,10,0
26073,912,9,272.0,2,2,3
26074,913,131,479.0,1,1,11
26075,913,1,111.0,6,6,0
26076,913,6,178.0,4,4,0
26077,913,3,187.0,3,3,0
26080,913,15,0.0,10,10,0
26084,913,9,305.0,2,2,3
26085,914,131,522.0,1,1,12
26086,914,1,121.0,6,6,0
26087,914,6,178.0,4,4,0
26088,914,3,201.0,3,3,0
26091,914,15,0.0,10,10,0
26095,914,9,332.0,2,2,3
26096,915,131,565.0,1,1,13
26097,915,1,143.0,5,5,0
26098,915,6,188.0,4,4,0
26099,915,3,216.0,3,3,0
26102,915,15,0.0,10,10,0
26106,915,9,342.0,2,2,3
26107,916,131,608.0,1,1,14
26108,916,1,147.0,5,5,0
26109,916,6,196.0,4,4,0
26110,916,3,238.0,3,3,0
26113,916,15,0.0,10,10,0
26117,916,9,363.0,2,2,3
26118,917,131,651.0,1,1,15
26119,917,1,161.0,5,5,0
26120,917,6,210.0,4,4,0
26121,917,3,254.0,3,3,0
26124,917,15,0.0,10,10,0
26128,917,9,373.0,2,2,3
26129,918,131,701.0,1,1,16
26130,918,1,181.0,5,5,0
26131,918,6,216.0,4,4,0
26132,918,3,320.0,3,3,0
26135,918,15,0.0,10,10,0
26139,918,9,405.0,2,2,3
26733,969,6,37.0,1,1,1
26140,926,131,43.0,1,1,1
26141,926,6,15.0,2,2,0
26142,926,3,12.0,4,4,0
26143,926,15,14.0,3,3,0
26144,926,9,8.0,5,5,0
26147,926,1,0.0,8,8,0
26149,927,131,76.0,1,1,1
26150,927,6,52.0,2,2,1
26151,927,3,30.0,3,3,0
26152,927,15,14.0,4,4,0
26153,927,9,11.0,6,6,0
26156,927,1,0.0,9,9,0
26159,928,131,119.0,1,1,2
26160,928,6,79.0,2,2,1
26161,928,3,48.0,3,3,0
26162,928,15,19.0,4,4,0
26163,928,9,13.0,5,5,0
26166,928,1,0.0,9,9,0
26169,929,131,159.0,1,1,3
26170,929,6,107.0,2,2,1
26171,929,3,61.0,3,3,0
26172,929,15,19.0,5,5,0
26173,929,9,23.0,4,4,0
26176,929,1,0.0,9,9,0
26179,930,131,202.0,1,1,4
26180,930,6,132.0,2,2,1
26181,930,3,81.0,3,3,0
26182,930,15,19.0,5,5,0
26183,930,9,30.0,4,4,0
26186,930,1,0.0,9,9,0
26189,931,131,242.0,1,1,5
26190,931,6,158.0,2,2,1
26191,931,3,81.0,3,3,0
26192,931,15,21.0,5,5,0
26193,931,9,52.0,4,4,0
26196,931,1,4.0,9,9,0
26199,932,131,285.0,1,1,6
26200,932,6,180.0,2,2,1
26201,932,3,104.0,3,3,0
26202,932,15,21.0,6,6,0
26203,932,9,54.0,4,4,0
26206,932,1,4.0,9,9,0
26209,933,131,328.0,1,1,7
26210,933,6,192.0,2,2,1
26211,933,3,129.0,3,3,0
26212,933,15,21.0,7,7,0
26213,933,9,55.0,4,4,0
26216,933,1,4.0,9,9,0
26219,934,131,371.0,1,1,8
26220,934,6,211.0,2,2,1
26221,934,3,151.0,3,3,0
26222,934,15,21.0,7,7,0
26223,934,9,63.0,4,4,0
26226,934,1,5.0,9,9,0
26229,936,131,383.0,1,1,8
26230,936,6,236.0,2,2,2
26231,936,3,151.0,3,3,0
26232,936,15,22.0,8,8,0
26233,936,9,96.0,4,4,0
26236,936,1,17.0,9,9,0
26260,938,131,451.0,1,1,10
26257,937,1,17.0,9,9,0
26253,937,15,23.0,8,8,0
26252,937,3,161.0,3,3,0
26254,937,9,108.0,4,4,0
26251,937,6,242.0,2,2,2
26250,937,131,426.0,1,1,9
26261,938,6,270.0,2,2,2
26262,938,3,188.0,3,3,0
26263,938,15,25.0,8,8,0
26264,938,9,113.0,4,4,0
26267,938,1,17.0,9,9,0
26270,939,131,463.0,1,1,10
26271,939,6,310.0,2,2,3
26272,939,3,198.0,3,3,0
26273,939,15,26.0,8,8,0
26274,939,9,139.0,4,4,0
26277,939,1,17.0,9,9,0
26297,940,1,17.0,9,9,0
26294,940,9,139.0,4,4,0
26292,940,3,208.0,3,3,0
26291,940,6,337.0,2,2,3
26293,940,15,26.0,8,8,0
26290,940,131,506.0,1,1,11
26382,941,1,19.0,9,9,0
26379,941,9,149.0,4,4,0
26378,941,15,34.0,8,8,0
26377,941,3,220.0,3,3,0
26376,941,6,359.0,2,2,3
26375,941,131,531.0,1,1,12
26388,942,15,36.0,8,8,0
26392,942,1,27.0,9,9,0
26387,942,3,220.0,3,3,0
26389,942,9,150.0,4,4,0
26386,942,6,374.0,2,2,3
26385,942,131,574.0,1,1,13
26398,943,15,36.0,8,8,0
26402,943,1,27.0,9,9,0
26397,943,3,243.0,3,3,0
26399,943,9,172.0,4,4,0
26396,943,6,374.0,2,2,3
26395,943,131,617.0,1,1,14
26408,944,15,36.0,8,8,0
26412,944,1,27.0,9,9,0
26407,944,3,253.0,3,3,0
26409,944,9,178.0,4,4,0
26406,944,6,401.0,2,2,3
26405,944,131,660.0,1,1,15
26429,945,15,36.0,8,8,0
26433,945,1,27.0,9,9,0
26428,945,3,257.0,3,3,0
26430,945,9,187.0,4,4,0
26427,945,6,428.0,2,2,3
26426,945,131,703.0,1,1,16
26524,955,131,258.0,1,1,7
26566,948,15,0.0,10,10,0
26557,948,131,43.0,1,1,1
26565,948,1,0.0,9,9,0
26561,948,210,8.0,5,5,0
26560,948,3,14.0,3,3,0
26559,948,9,12.0,4,4,0
26558,948,6,15.0,2,2,0
26447,949,131,83.0,1,1,2
26448,949,6,33.0,2,2,0
26449,949,9,30.0,3,3,0
26450,949,3,20.0,4,4,0
26451,949,210,18.0,5,5,0
26455,949,1,1.0,8,8,0
26456,949,15,0.0,10,10,0
26458,950,131,114.0,1,1,3
26459,950,6,61.0,2,2,0
26460,950,9,57.0,3,3,0
26461,950,3,29.0,4,4,0
26462,950,210,18.0,5,5,0
26466,950,1,1.0,8,8,0
26467,950,15,0.0,10,10,0
26469,951,131,157.0,1,1,4
26470,951,6,76.0,2,2,0
26471,951,9,57.0,3,3,0
26472,951,3,51.0,4,4,0
26473,951,210,22.0,5,5,0
26477,951,1,10.0,7,7,0
26478,951,15,0.0,10,10,0
26480,952,131,157.0,1,1,4
26481,952,6,109.0,2,2,0
26482,952,9,94.0,3,3,1
26483,952,3,65.0,4,4,0
26484,952,210,22.0,6,6,0
26488,952,1,12.0,8,8,0
26489,952,15,0.0,10,10,0
26491,953,131,188.0,1,1,5
26492,953,6,121.0,2,2,0
26493,953,9,112.0,3,3,1
26494,953,3,66.0,4,4,0
26495,953,210,22.0,8,8,0
26499,953,1,24.0,7,7,0
26500,953,15,0.0,10,10,0
26502,954,131,223.0,1,1,6
26503,954,6,147.0,2,2,0
26504,954,9,130.0,3,3,1
26505,954,3,81.0,4,4,0
26506,954,210,22.0,8,8,0
26510,954,1,24.0,7,7,0
26511,954,15,0.0,10,10,0
26525,955,6,177.0,2,2,0
26526,955,9,140.0,3,3,1
26527,955,3,90.0,4,4,0
26528,955,210,22.0,8,8,0
26532,955,1,24.0,7,7,0
26533,955,15,0.0,10,10,0
26535,956,131,295.0,1,1,8
26536,956,6,192.0,2,2,0
26537,956,9,168.0,3,3,1
26538,956,3,92.0,4,4,0
26539,956,210,28.0,8,8,0
26543,956,1,32.0,7,7,0
26544,956,15,0.0,11,11,0
26546,957,131,335.0,1,1,9
26547,957,6,204.0,2,2,0
26548,957,9,198.0,3,3,1
26549,957,3,92.0,4,4,0
26550,957,210,28.0,8,8,0
26554,957,1,32.0,7,7,0
26555,957,15,0.0,11,11,0
26568,958,131,378.0,1,1,10
26569,958,6,224.0,2,2,0
26570,958,9,223.0,3,3,1
26571,958,3,94.0,4,4,0
26572,958,210,28.0,8,8,0
26576,958,1,38.0,7,7,0
26577,958,15,0.0,11,11,0
26579,959,131,415.0,1,1,11
26580,959,6,242.0,3,3,0
26581,959,9,256.0,2,2,1
26582,959,3,96.0,4,4,0
26583,959,210,28.0,8,8,0
26587,959,1,42.0,7,7,0
26588,959,15,0.0,11,11,0
26590,960,131,455.0,1,1,12
26591,960,6,252.0,3,3,0
26592,960,9,274.0,2,2,1
26593,960,3,101.0,5,5,0
26594,960,210,28.0,8,8,0
26598,960,1,48.0,6,6,0
26599,960,15,0.0,11,11,0
26601,961,131,498.0,1,1,13
26602,961,6,279.0,3,3,0
26603,961,9,290.0,2,2,1
26604,961,3,111.0,4,4,0
26605,961,210,28.0,8,8,0
26609,961,1,48.0,6,6,0
26610,961,15,0.0,11,11,0
26612,962,131,538.0,1,1,14
26613,962,6,301.0,3,3,0
26614,962,9,316.0,2,2,1
26615,962,3,111.0,5,5,0
26616,962,210,28.0,8,8,0
26620,962,1,54.0,6,6,0
26621,962,15,0.0,11,11,0
26623,963,131,553.0,1,1,14
26624,963,6,313.0,3,3,0
26625,963,9,359.0,2,2,2
26626,963,3,121.0,5,5,0
26627,963,210,28.0,8,8,0
26631,963,1,62.0,6,6,0
26632,963,15,0.0,11,11,0
26634,964,131,593.0,1,1,15
26635,964,6,335.0,3,3,0
26636,964,9,385.0,2,2,2
26637,964,3,124.0,5,5,0
26638,964,210,28.0,8,8,0
26642,964,1,62.0,6,6,0
26643,964,15,0.0,11,11,0
26712,967,6,375.0,3,3,0
26697,965,1,74.0,6,6,0
26711,967,131,722.0,1,1,18
26698,965,15,0.0,11,11,0
26690,965,6,347.0,3,3,0
26692,965,3,130.0,5,5,0
26693,965,210,29.0,8,8,0
26691,965,9,400.0,2,2,2
26689,965,131,636.0,1,1,16
26708,966,1,74.0,6,6,0
26709,966,15,0.0,11,11,0
26701,966,6,365.0,3,3,0
26703,966,3,136.0,5,5,0
26704,966,210,29.0,8,8,0
26702,966,9,427.0,2,2,2
26700,966,131,679.0,1,1,17
26713,967,9,446.0,2,2,2
26714,967,3,136.0,5,5,0
26715,967,210,29.0,8,8,0
26719,967,1,75.0,6,6,0
26720,967,15,2.0,10,10,0
26722,968,131,765.0,1,1,19
26723,968,6,398.0,3,3,0
26724,968,9,468.0,2,2,2
26725,968,3,138.0,5,5,0
26726,968,210,29.0,8,8,0
26730,968,1,76.0,6,6,0
26731,968,15,2.0,10,10,0
26734,969,131,33.0,2,2,0
26735,969,9,10.0,3,3,0
26736,969,3,8.0,4,4,0
26740,969,15,0.0,8,8,0
26741,969,1,0.0,9,9,0
26742,969,210,0.0,10,10,0
26743,970,6,65.0,2,2,1
26744,970,131,66.0,1,1,1
26745,970,9,37.0,3,3,0
26746,970,3,8.0,6,6,0
26750,970,15,0.0,9,9,0
26751,970,1,0.0,10,10,0
26752,970,210,4.0,7,7,0
26753,971,6,102.0,1,1,2
26754,971,131,99.0,2,2,1
26755,971,9,47.0,3,3,0
26756,971,3,16.0,5,5,0
26760,971,15,0.0,9,9,0
26761,971,1,0.0,10,10,0
26762,971,210,8.0,7,7,0
26763,972,6,135.0,2,2,2
26764,972,131,136.0,1,1,2
26765,972,9,57.0,3,3,0
26766,972,3,18.0,5,5,0
26770,972,15,0.0,9,9,0
26771,972,1,0.0,10,10,0
26772,972,210,8.0,7,7,0
26773,973,6,153.0,2,2,2
26774,973,131,161.0,1,1,3
26775,973,9,72.0,3,3,0
26776,973,3,18.0,6,6,0
26780,973,15,4.0,9,9,0
26781,973,1,0.0,10,10,0
26782,973,210,9.0,8,8,0
26783,974,6,196.0,1,1,3
26784,974,131,179.0,2,2,3
26785,974,9,97.0,3,3,0
26786,974,3,20.0,6,6,0
26790,974,15,4.0,9,9,0
26791,974,1,0.0,10,10,0
26792,974,210,14.0,8,8,0
26793,975,6,214.0,2,2,3
26794,975,131,222.0,1,1,4
26795,975,9,112.0,3,3,0
26796,975,3,22.0,6,6,0
26800,975,15,4.0,9,9,0
26801,975,1,0.0,10,10,0
26802,975,210,15.0,8,8,0
26803,976,6,226.0,2,2,3
26804,976,131,250.0,1,1,4
26805,976,9,137.0,3,3,1
26806,976,3,37.0,5,5,0
26810,976,15,5.0,9,9,0
26811,976,1,2.0,10,10,0
26812,976,210,21.0,7,7,0
26813,977,6,254.0,2,2,3
26814,977,131,287.0,1,1,5
26815,977,9,152.0,3,3,1
26816,977,3,40.0,5,5,0
26820,977,15,5.0,9,9,0
26821,977,1,2.0,10,10,0
26822,977,210,29.0,7,7,0
26823,978,6,275.0,2,2,3
26824,978,131,330.0,1,1,6
26825,978,9,174.0,3,3,1
26826,978,3,41.0,5,5,0
26830,978,15,5.0,9,9,0
26831,978,1,2.0,10,10,0
26832,978,210,29.0,7,7,0
26833,979,6,318.0,2,2,4
26834,979,131,357.0,1,1,6
26835,979,9,184.0,3,3,1
26836,979,3,41.0,5,5,0
26840,979,15,5.0,10,10,0
26841,979,1,11.0,9,9,0
26842,979,210,29.0,7,7,0
26843,980,6,348.0,2,2,4
26844,980,131,392.0,1,1,7
26845,980,9,199.0,3,3,1
26846,980,3,45.0,5,5,0
26850,980,15,5.0,10,10,0
26851,980,1,11.0,9,9,0
26852,980,210,35.0,7,7,0
26853,981,6,373.0,2,2,4
26854,981,131,435.0,1,1,8
26855,981,9,212.0,3,3,1
26856,981,3,55.0,5,5,0
26860,981,15,5.0,10,10,0
26861,981,1,11.0,9,9,0
26862,981,210,35.0,7,7,0
26863,982,6,373.0,2,2,4
26864,982,131,475.0,1,1,9
26865,982,9,230.0,3,3,1
26866,982,3,59.0,5,5,0
26870,982,15,5.0,10,10,0
26871,982,1,17.0,9,9,0
26872,982,210,37.0,8,8,0
26873,983,6,385.0,2,2,4
26874,983,131,503.0,1,1,9
26875,983,9,270.0,3,3,2
26876,983,3,65.0,5,5,0
26880,983,15,5.0,10,10,0
26881,983,1,23.0,9,9,0
26882,983,210,37.0,8,8,0
26883,984,6,395.0,2,2,4
26884,984,131,540.0,1,1,10
26885,984,9,303.0,3,3,2
26886,984,3,66.0,5,5,0
26890,984,15,5.0,10,10,0
26891,984,1,23.0,9,9,0
26892,984,210,43.0,7,7,0
26893,985,6,428.0,2,2,4
26894,985,131,575.0,1,1,11
26895,985,9,315.0,3,3,2
26896,985,3,68.0,5,5,0
26900,985,15,5.0,10,10,0
26901,985,1,23.0,9,9,0
26902,985,210,43.0,8,8,0
26903,986,6,455.0,2,2,4
26904,986,131,595.0,1,1,11
26905,986,9,340.0,3,3,3
26906,986,3,76.0,5,5,0
26910,986,15,5.0,10,10,0
26911,986,1,24.0,9,9,0
26912,986,210,47.0,8,8,0
26913,987,6,495.0,2,2,5
26914,987,131,625.0,1,1,11
26915,987,9,358.0,3,3,3
26916,987,3,82.0,5,5,0
26920,987,15,5.0,10,10,0
26921,987,1,28.0,9,9,0
26922,987,210,47.0,8,8,0
26923,988,6,522.0,2,2,5
26924,988,131,668.0,1,1,12
26925,988,9,368.0,3,3,3
26926,988,3,83.0,5,5,0
26930,988,15,5.0,10,10,0
26931,988,1,30.0,9,9,0
26932,988,210,47.0,8,8,0
26933,989,6,40.0,1,1,1
26934,989,131,22.0,2,2,0
26935,989,9,20.0,3,3,0
26936,989,1,12.0,4,4,0
26939,989,15,0.0,7,7,0
26940,989,3,0.0,8,8,0
26942,989,210,0.0,10,10,0
26982,990,210,10.0,7,7,0
26979,990,15,2.0,8,8,0
26980,990,3,0.0,10,10,0
26975,990,9,20.0,4,4,0
26976,990,1,22.0,3,3,0
26974,990,131,55.0,2,2,0
26973,990,6,65.0,1,1,2
26963,991,6,84.0,2,2,2
26964,991,131,85.0,1,1,0
26965,991,9,55.0,3,3,1
26966,991,1,28.0,4,4,0
26969,991,15,2.0,8,8,0
26970,991,3,0.0,10,10,0
26972,991,210,11.0,7,7,0
26983,992,6,114.0,1,1,2
26984,992,131,110.0,2,2,1
26985,992,9,55.0,3,3,1
26986,992,1,36.0,4,4,0
26989,992,15,10.0,9,9,0
26990,992,3,4.0,10,10,0
26992,992,210,11.0,8,8,0
26993,993,6,126.0,2,2,2
26994,993,131,153.0,1,1,2
26995,993,9,80.0,3,3,1
26996,993,1,40.0,5,5,0
26999,993,15,11.0,9,9,0
27000,993,3,4.0,10,10,0
27002,993,210,19.0,6,6,0
27003,994,6,156.0,2,2,2
27004,994,131,178.0,1,1,2
27005,994,9,107.0,3,3,2
27006,994,1,40.0,5,5,0
27009,994,15,11.0,9,9,0
27010,994,3,4.0,10,10,0
27012,994,210,19.0,8,8,0
27013,995,6,189.0,2,2,3
27014,995,131,206.0,1,1,2
27015,995,9,134.0,3,3,2
27016,995,1,40.0,5,5,0
27019,995,15,12.0,9,9,0
27020,995,3,4.0,10,10,0
27022,995,210,19.0,8,8,0
27023,996,6,214.0,2,2,3
27024,996,131,237.0,1,1,3
27025,996,9,164.0,3,3,2
27026,996,1,40.0,5,5,0
27029,996,15,13.0,9,9,0
27030,996,3,4.0,10,10,0
27032,996,210,27.0,7,7,0
27033,997,6,247.0,1,1,3
27034,997,131,237.0,2,2,3
27035,997,9,189.0,3,3,3
27036,997,1,44.0,6,6,0
27039,997,15,16.0,9,9,0
27040,997,3,4.0,10,10,0
27042,997,210,49.0,5,5,0
27043,998,6,287.0,1,1,4
27044,998,131,267.0,2,2,3
27045,998,9,199.0,3,3,3
27046,998,1,48.0,7,7,0
27049,998,15,16.0,9,9,0
27050,998,3,4.0,10,10,0
27052,998,210,51.0,5,5,0
27053,999,6,302.0,2,2,4
27054,999,131,310.0,1,1,4
27055,999,9,211.0,3,3,3
27056,999,1,48.0,7,7,0
27059,999,15,18.0,9,9,0
27060,999,3,4.0,10,10,0
27062,999,210,59.0,6,6,0
27063,1000,6,335.0,2,2,4
27064,1000,131,345.0,1,1,5
27065,1000,9,223.0,3,3,3
27066,1000,1,52.0,7,7,0
27069,1000,15,18.0,9,9,0
27070,1000,3,4.0,10,10,0
27072,1000,210,66.0,5,5,0
27073,1001,6,360.0,2,2,5
27074,1001,131,375.0,1,1,5
27075,1001,9,238.0,3,3,3
27076,1001,1,52.0,6,6,0
27079,1001,15,19.0,8,8,0
27080,1001,3,4.0,10,10,0
27082,1001,210,76.0,5,5,0
27100,1002,3,7.0,10,10,0
27096,1002,1,52.0,6,6,0
27094,1002,131,415.0,1,1,6
27102,1002,210,76.0,5,5,0
27099,1002,15,19.0,9,9,0
27093,1002,6,390.0,2,2,5
27095,1002,9,248.0,3,3,3
27103,1003,6,415.0,2,2,5
27104,1003,131,452.0,1,1,7
27105,1003,9,274.0,3,3,3
27106,1003,1,58.0,6,6,0
27109,1003,15,21.0,9,9,0
27110,1003,3,7.0,10,10,0
27112,1003,210,76.0,5,5,0
27113,1004,6,442.0,2,2,5
27114,1004,131,495.0,1,1,8
27115,1004,9,292.0,3,3,3
27116,1004,1,58.0,6,6,0
27119,1004,15,27.0,9,9,0
27120,1004,3,7.0,10,10,0
27122,1004,210,80.0,5,5,0
27123,1005,6,460.0,2,2,5
27124,1005,131,538.0,1,1,9
27125,1005,9,319.0,3,3,3
27126,1005,1,58.0,6,6,0
27129,1005,15,27.0,9,9,0
27130,1005,3,7.0,10,10,0
27132,1005,210,84.0,5,5,0
27152,1006,210,84.0,5,5,0
27150,1006,3,7.0,10,10,0
27146,1006,1,58.0,6,6,0
27144,1006,131,563.0,1,1,9
27149,1006,15,28.0,9,9,0
27143,1006,6,497.0,2,2,6
27145,1006,9,337.0,3,3,3
27153,1007,6,530.0,2,2,6
27154,1007,131,585.0,1,1,9
27155,1007,9,362.0,3,3,4
27156,1007,1,62.0,6,6,0
27159,1007,15,36.0,8,8,0
27160,1007,3,7.0,10,10,0
27162,1007,210,84.0,5,5,0
27163,1008,6,553.0,2,2,6
27164,1008,131,620.0,1,1,10
27165,1008,9,392.0,3,3,4
27166,1008,1,62.0,6,6,0
27169,1008,15,42.0,8,8,0
27170,1008,3,7.0,10,10,0
27172,1008,210,90.0,5,5,0
27173,1009,6,571.0,2,2,6
27174,1009,131,655.0,1,1,11
27175,1009,9,419.0,3,3,4
27176,1009,1,62.0,6,6,0
27179,1009,15,48.0,8,8,0
27180,1009,3,7.0,10,10,0
27182,1009,210,93.0,5,5,0
27196,1010,210,8.0,4,4,0
27195,1010,6,22.0,2,2,0
27194,1010,9,15.0,3,3,0
27193,1010,131,44.0,1,1,1
27201,1010,1,0.0,9,9,0
27202,1010,3,0.0,10,10,0
27223,1012,131,130.0,1,1,3
27222,1011,3,0.0,10,10,0
27215,1011,6,48.0,2,2,0
27221,1011,1,8.0,5,5,0
27214,1011,9,31.0,3,3,0
27216,1011,210,8.0,6,6,0
27213,1011,131,87.0,1,1,2
27224,1012,9,52.0,3,3,0
27225,1012,6,73.0,2,2,0
27226,1012,210,8.0,6,6,0
27231,1012,1,8.0,7,7,0
27232,1012,3,0.0,10,10,0
27233,1013,131,173.0,1,1,4
27234,1013,9,64.0,3,3,0
27235,1013,6,99.0,2,2,0
27236,1013,210,8.0,8,8,0
27241,1013,1,18.0,4,4,0
27242,1013,3,0.0,10,10,0
27243,1014,131,217.0,1,1,5
27244,1014,9,87.0,3,3,0
27245,1014,6,121.0,2,2,0
27246,1014,210,15.0,6,6,0
27251,1014,1,22.0,4,4,0
27252,1014,3,0.0,10,10,0
27253,1015,131,257.0,1,1,6
27254,1015,9,110.0,3,3,0
27255,1015,6,139.0,2,2,0
27256,1015,210,16.0,6,6,0
27261,1015,1,30.0,4,4,0
27262,1015,3,0.0,10,10,0
27263,1016,131,295.0,1,1,7
27264,1016,9,124.0,3,3,0
27265,1016,6,172.0,2,2,0
27266,1016,210,16.0,8,8,0
27271,1016,1,30.0,4,4,0
27272,1016,3,0.0,10,10,0
27302,1017,3,0.0,10,10,0
27304,1018,9,169.0,3,3,1
27303,1018,131,363.0,1,1,8
27301,1017,1,40.0,4,4,0
27296,1017,210,16.0,9,9,0
27295,1017,6,198.0,2,2,0
27294,1017,9,137.0,3,3,0
27293,1017,131,338.0,1,1,8
27305,1018,6,228.0,2,2,0
27306,1018,210,16.0,9,9,0
27311,1018,1,52.0,4,4,0
27312,1018,3,0.0,10,10,0
27313,1019,131,407.0,1,1,9
27314,1019,9,191.0,3,3,1
27315,1019,6,243.0,2,2,0
27316,1019,210,16.0,9,9,0
27321,1019,1,60.0,4,4,0
27322,1019,3,0.0,10,10,0
27341,1020,1,70.0,4,4,0
27336,1020,210,26.0,8,8,0
27335,1020,6,261.0,2,2,0
27342,1020,3,1.0,10,10,0
27334,1020,9,217.0,3,3,2
27333,1020,131,409.0,1,1,9
27343,1021,131,438.0,1,1,10
27344,1021,9,244.0,3,3,2
27345,1021,6,288.0,2,2,0
27346,1021,210,26.0,9,9,0
27351,1021,1,82.0,4,4,0
27352,1021,3,1.0,10,10,0
27353,1022,131,471.0,1,1,10
27354,1022,9,254.0,3,3,2
27355,1022,6,326.0,2,2,1
27356,1022,210,26.0,9,9,0
27361,1022,1,82.0,4,4,0
27362,1022,3,1.0,10,10,0
27363,1023,131,505.0,1,1,10
27364,1023,9,266.0,3,3,2
27365,1023,6,351.0,2,2,2
27366,1023,210,26.0,9,9,0
27371,1023,1,83.0,4,4,0
27372,1023,3,1.0,10,10,0
27373,1024,131,527.0,1,1,10
27374,1024,9,289.0,3,3,2
27375,1024,6,394.0,2,2,3
27376,1024,210,26.0,9,9,0
27381,1024,1,89.0,4,4,0
27382,1024,3,1.0,10,10,0
27383,1025,131,571.0,1,1,11
27384,1025,9,311.0,3,3,2
27385,1025,6,409.0,2,2,3
27386,1025,210,28.0,9,9,0
27391,1025,1,101.0,4,4,0
27392,1025,3,1.0,10,10,0
27422,1026,3,1.0,10,10,0
27421,1026,1,111.0,4,4,0
27415,1026,6,435.0,2,2,3
27414,1026,9,323.0,3,3,2
27416,1026,210,28.0,9,9,0
27413,1026,131,612.0,1,1,12
27432,1027,3,1.0,10,10,0
27431,1027,1,111.0,4,4,0
27425,1027,6,466.0,2,2,3
27424,1027,9,341.0,3,3,2
27426,1027,210,28.0,9,9,0
27423,1027,131,652.0,1,1,13
27433,1028,131,695.0,1,1,14
27434,1028,9,366.0,3,3,2
27435,1028,6,479.0,2,2,3
27436,1028,210,28.0,9,9,0
27441,1028,1,121.0,4,4,0
27442,1028,3,1.0,10,10,0
27443,1029,131,701.0,1,1,14
27444,1029,9,391.0,3,3,3
27445,1029,6,479.0,2,2,3
27446,1029,210,28.0,9,9,0
27451,1029,1,140.0,4,4,0
27452,1029,3,1.0,10,10,0
27453,1030,131,739.0,1,1,15
27454,1030,9,417.0,3,3,3
27455,1030,6,504.0,2,2,3
27456,1030,210,28.0,9,9,0
27461,1030,1,145.0,4,4,0
27462,1030,3,1.0,10,10,0
27522,1034,210,1.0,9,9,0
27521,1034,9,78.0,2,2,0
27520,1034,3,0.0,10,10,0
27515,1034,1,51.0,3,3,0
27514,1034,6,43.0,4,4,0
27513,1034,131,146.0,1,1,4
27583,1040,131,366.0,1,1,8
27582,1031,210,0.0,10,10,0
27581,1031,9,0.0,9,9,0
27580,1031,3,0.0,8,8,0
27575,1031,1,26.0,2,2,0
27574,1031,6,19.0,3,3,0
27573,1031,131,37.0,1,1,1
27483,1032,131,80.0,1,1,2
27484,1032,6,19.0,5,5,0
27485,1032,1,39.0,2,2,0
27490,1032,3,0.0,9,9,0
27491,1032,9,27.0,3,3,0
27492,1032,210,0.0,10,10,0
27511,1033,9,55.0,2,2,0
27510,1033,3,0.0,10,10,0
27504,1033,6,27.0,5,5,0
27505,1033,1,41.0,3,3,0
27512,1033,210,1.0,9,9,0
27503,1033,131,121.0,1,1,3
27523,1035,131,180.0,1,1,4
27524,1035,6,55.0,3,3,0
27525,1035,1,53.0,4,4,0
27530,1035,3,0.0,10,10,0
27531,1035,9,113.0,2,2,1
27532,1035,210,1.0,9,9,0
27533,1036,131,221.0,1,1,5
27534,1036,6,61.0,5,5,0
27535,1036,1,62.0,4,4,0
27540,1036,3,0.0,10,10,0
27541,1036,9,135.0,2,2,1
27542,1036,210,1.0,9,9,0
27543,1037,131,264.0,1,1,6
27544,1037,6,61.0,5,5,0
27545,1037,1,68.0,3,3,0
27550,1037,3,0.0,10,10,0
27551,1037,9,158.0,2,2,1
27552,1037,210,1.0,9,9,0
27553,1038,131,281.0,1,1,6
27554,1038,6,61.0,6,6,0
27555,1038,1,98.0,3,3,0
27560,1038,3,0.0,10,10,0
27561,1038,9,158.0,2,2,1
27562,1038,210,1.0,9,9,0
27563,1039,131,325.0,1,1,7
27564,1039,6,66.0,6,6,0
27565,1039,1,106.0,3,3,0
27570,1039,3,0.0,10,10,0
27571,1039,9,173.0,2,2,1
27572,1039,210,1.0,9,9,0
27584,1040,6,74.0,6,6,0
27585,1040,1,106.0,3,3,0
27590,1040,3,0.0,10,10,0
27591,1040,9,192.0,2,2,1
27592,1040,210,1.0,9,9,0
27593,1041,131,391.0,1,1,9
27594,1041,6,80.0,6,6,0
27595,1041,1,116.0,4,4,0
27600,1041,3,0.0,10,10,0
27601,1041,9,211.0,2,2,1
27602,1041,210,3.0,9,9,0
27603,1042,131,435.0,1,1,10
27604,1042,6,93.0,6,6,0
27605,1042,1,124.0,4,4,0
27610,1042,3,0.0,10,10,0
27611,1042,9,226.0,2,2,1
27612,1042,210,3.0,9,9,0
27613,1043,131,479.0,1,1,11
27614,1043,6,103.0,6,6,0
27615,1043,1,134.0,4,4,0
27620,1043,3,0.0,10,10,0
27621,1043,9,226.0,2,2,1
27622,1043,210,3.0,9,9,0
27623,1044,131,504.0,1,1,12
27624,1044,6,130.0,6,6,0
27625,1044,1,149.0,4,4,0
27630,1044,3,0.0,10,10,0
27631,1044,9,240.0,2,2,1
27632,1044,210,3.0,9,9,0
27633,1045,131,533.0,1,1,13
27634,1045,6,131.0,6,6,0
27635,1045,1,171.0,3,3,0
27640,1045,3,0.0,10,10,0
27641,1045,9,274.0,2,2,1
27642,1045,210,3.0,9,9,0
27643,1046,131,540.0,1,1,13
27644,1046,6,131.0,6,6,0
27645,1046,1,184.0,4,4,0
27650,1046,3,0.0,10,10,0
27651,1046,9,282.0,2,2,1
27652,1046,210,3.0,9,9,0
27653,1047,131,573.0,1,1,13
27654,1047,6,131.0,6,6,0
27655,1047,1,202.0,3,3,0
27660,1047,3,0.0,10,10,0
27661,1047,9,319.0,2,2,2
27662,1047,210,3.0,9,9,0
27912,1051,210,0.0,10,10,0
27911,1051,3,23.0,8,8,0
27910,1051,214,137.0,5,5,1
27908,1051,117,77.0,7,7,0
27906,1051,6,297.5,3,3,0
27905,1051,1,258.0,4,4,1
27904,1051,9,541.5,2,2,10
27903,1051,131,546.5,1,1,8
27673,1052,131,41.0,1,1,1
27674,1052,9,28.0,2,2,0
27675,1052,1,18.0,3,3,0
27676,1052,6,12.0,4,4,0
27678,1052,117,1.0,6,6,0
27680,1052,214,0.0,8,8,0
27681,1052,3,0.0,9,9,0
27682,1052,210,0.0,10,10,0
27711,1053,3,0.0,9,9,0
27712,1053,210,0.0,10,10,0
27704,1053,9,53.0,2,2,1
27705,1053,1,41.0,3,3,0
27710,1053,214,3.0,7,7,0
27708,1053,117,5.0,6,6,0
27706,1053,6,34.0,4,4,0
27703,1053,131,60.0,1,1,1
27713,1054,131,101.0,1,1,2
27714,1054,9,83.0,2,2,1
27715,1054,1,53.0,3,3,0
27716,1054,6,42.0,4,4,0
27718,1054,117,5.0,7,7,0
27720,1054,214,13.0,5,5,0
27721,1054,3,0.0,9,9,0
27722,1054,210,0.0,10,10,0
27723,1055,131,141.0,1,1,3
27724,1055,9,112.0,2,2,1
27725,1055,1,65.0,3,3,0
27726,1055,6,60.0,4,4,0
27728,1055,117,5.0,7,7,0
27730,1055,214,15.0,5,5,0
27731,1055,3,0.0,9,9,0
27732,1055,210,0.0,10,10,0
27733,1056,131,148.0,2,2,3
27734,1056,9,149.0,1,1,2
27735,1056,1,80.0,3,3,0
27736,1056,6,78.0,4,4,0
27738,1056,117,19.0,5,5,0
27740,1056,214,17.0,7,7,0
27741,1056,3,0.0,9,9,0
27742,1056,210,0.0,10,10,0
27743,1057,131,148.0,2,2,3
27744,1057,9,174.0,1,1,3
27745,1057,1,92.0,4,4,0
27746,1057,6,94.0,3,3,0
27748,1057,117,37.0,6,6,0
27750,1057,214,25.0,7,7,0
27751,1057,3,0.0,10,10,0
27752,1057,210,0.0,9,9,0
27753,1059,131,178.0,2,2,3
27754,1059,9,215.0,1,1,4
27755,1059,1,110.0,3,3,0
27756,1059,6,94.0,4,4,0
27758,1059,117,40.0,6,6,0
27760,1059,214,29.0,7,7,0
27761,1059,3,0.0,9,9,0
27762,1059,210,0.0,10,10,0
27763,1058,131,212.0,2,2,3
27764,1058,9,252.0,1,1,5
27765,1058,1,120.0,3,3,0
27766,1058,6,108.0,4,4,0
27768,1058,117,44.0,6,6,0
27770,1058,214,31.0,7,7,0
27771,1058,3,0.0,9,9,0
27772,1058,210,0.0,10,10,0
27792,1060,210,0.0,10,10,0
27786,1060,6,122.0,4,4,0
27791,1060,3,0.0,9,9,0
27790,1060,214,32.0,7,7,0
27788,1060,117,44.0,6,6,0
27785,1060,1,141.0,3,3,0
27784,1060,9,286.0,1,1,6
27783,1060,131,242.0,2,2,3
27793,1061,131,285.0,2,2,4
27794,1061,9,289.0,1,1,6
27795,1061,1,163.0,3,3,0
27796,1061,6,148.0,4,4,0
27798,1061,117,48.0,6,6,0
27800,1061,214,40.0,7,7,0
27801,1061,3,0.0,9,9,0
27802,1061,210,0.0,10,10,0
27820,1062,214,77.0,5,5,1
27818,1062,117,48.0,7,7,0
27815,1062,1,163.0,4,4,0
27822,1062,210,0.0,10,10,0
27821,1062,3,10.0,8,8,0
27816,1062,6,163.0,3,3,0
27814,1062,9,291.0,2,2,6
27813,1062,131,303.0,1,1,4
27823,1063,131,310.5,1,1,4
27824,1063,9,303.5,2,2,7
27825,1063,1,169.0,3,3,0
27826,1063,6,165.5,4,4,0
27828,1063,117,53.0,7,7,0
27830,1063,214,80.0,5,5,1
27831,1063,3,20.0,8,8,0
27832,1063,210,0.0,10,10,0
27833,1064,131,344.5,1,1,4
27834,1064,9,332.5,2,2,8
27835,1064,1,170.0,4,4,0
27836,1064,6,181.5,3,3,0
27838,1064,117,53.0,7,7,0
27840,1064,214,90.0,5,5,1
27841,1064,3,20.0,8,8,0
27842,1064,210,0.0,10,10,0
27843,1065,131,362.5,1,1,4
27844,1065,9,344.5,2,2,8
27845,1065,1,215.0,3,3,1
27846,1065,6,201.5,4,4,0
27848,1065,117,59.0,7,7,0
27850,1065,214,95.0,5,5,1
27851,1065,3,22.0,8,8,0
27852,1065,210,0.0,10,10,0
27853,1066,131,397.5,1,1,5
27854,1066,9,364.5,2,2,8
27855,1066,1,234.0,3,3,1
27856,1066,6,216.5,4,4,0
27858,1066,117,59.0,7,7,0
27860,1066,214,103.0,5,5,1
27861,1066,3,23.0,8,8,0
27862,1066,210,0.0,10,10,0
27863,1067,131,433.5,1,1,6
27864,1067,9,397.5,2,2,8
27865,1067,1,240.0,3,3,1
27866,1067,6,232.5,4,4,0
27868,1067,117,61.0,7,7,0
27870,1067,214,104.0,5,5,1
27871,1067,3,23.0,8,8,0
27872,1067,210,0.0,10,10,0
27873,1069,131,460.5,1,1,6
27874,1069,9,437.5,2,2,9
27875,1069,1,254.0,3,3,1
27876,1069,6,250.5,4,4,0
27878,1069,117,62.0,7,7,0
27880,1069,214,104.0,5,5,1
27881,1069,3,23.0,8,8,0
27882,1069,210,0.0,10,10,0
27883,1070,131,478.5,1,1,6
27884,1070,9,477.5,2,2,10
27885,1070,1,255.0,4,4,1
27886,1070,6,268.5,3,3,0
27888,1070,117,68.0,7,7,0
27890,1070,214,106.0,5,5,1
27891,1070,3,23.0,8,8,0
27892,1070,210,0.0,10,10,0
27893,1071,131,521.5,1,1,7
27894,1071,9,510.5,2,2,10
27895,1071,1,256.0,4,4,1
27896,1071,6,287.5,3,3,0
27898,1071,117,68.0,7,7,0
27900,1071,214,112.0,5,5,1
27901,1071,3,23.0,8,8,0
27902,1071,210,0.0,10,10,0
27913,1072,131,587.5,1,1,9
27914,1072,9,559.5,2,2,10
27915,1072,1,269.0,4,4,1
27916,1072,6,307.5,3,3,0
27918,1072,117,77.0,7,7,0
27920,1072,214,149.0,5,5,1
27921,1072,3,23.0,8,8,0
27922,1072,210,0.0,10,10,0
27923,1073,131,613.5,1,1,9
27924,1073,9,585.5,2,2,11
27925,1073,1,275.0,4,4,1
27926,1073,6,323.5,3,3,0
27928,1073,117,77.0,7,7,0
27930,1073,214,155.0,5,5,1
27931,1073,3,23.0,8,8,0
27932,1073,210,0.0,10,10,0
28142,1074,9,0.0,10,10,0
28141,1074,1,0.0,9,9,0
28140,1074,3,0.0,8,8,0
28139,1074,117,0.0,7,7,0
28137,1074,214,8.0,5,5,0
28135,1074,210,10.0,3,3,0
28134,1074,131,27.0,2,2,0
28133,1074,6,44.0,1,1,1
28143,1075,6,78.0,1,1,1
28144,1075,131,38.0,2,2,0
28145,1075,210,12.0,5,5,0
28147,1075,214,16.0,4,4,0
28149,1075,117,0.0,9,9,0
28150,1075,3,0.0,10,10,0
28151,1075,1,6.0,8,8,0
28152,1075,9,37.0,3,3,1
28153,1076,6,104.0,1,1,2
28154,1076,131,65.0,2,2,0
28155,1076,210,12.0,7,7,0
28157,1076,214,22.0,5,5,0
28159,1076,117,0.0,10,10,0
28160,1076,3,1.0,9,9,0
28161,1076,1,24.0,4,4,0
28162,1076,9,55.0,3,3,1
28163,1077,6,124.0,1,1,2
28164,1077,131,77.0,3,3,0
28165,1077,210,15.0,8,8,0
28167,1077,214,22.0,6,6,0
28169,1077,117,5.0,9,9,0
28170,1077,3,1.0,10,10,0
28171,1077,1,46.0,4,4,0
28172,1077,9,113.0,2,2,2
28173,1078,6,157.0,1,1,2
28174,1078,131,95.0,3,3,0
28175,1078,210,15.0,8,8,0
28177,1078,214,26.0,6,6,0
28179,1078,117,6.0,9,9,0
28180,1078,3,3.0,10,10,0
28181,1078,1,46.0,4,4,0
28182,1078,9,151.0,2,2,3
28183,1079,6,169.0,2,2,2
28184,1079,131,120.0,3,3,0
28185,1079,210,15.0,8,8,0
28187,1079,214,34.0,6,6,0
28189,1079,117,6.0,9,9,0
28190,1079,3,3.0,10,10,0
28191,1079,1,50.0,4,4,0
28192,1079,9,195.0,1,1,4
28193,1080,6,199.0,2,2,2
28194,1080,131,134.0,3,3,0
28195,1080,210,15.0,8,8,0
28197,1080,214,40.0,6,6,0
28199,1080,117,7.0,9,9,0
28200,1080,3,3.0,10,10,0
28201,1080,1,59.0,4,4,0
28202,1080,9,235.0,1,1,5
28203,1081,6,199.0,2,2,2
28204,1081,131,161.0,3,3,0
28205,1081,210,15.0,8,8,0
28207,1081,214,47.0,5,5,0
28209,1081,117,15.0,9,9,0
28210,1081,3,3.0,10,10,0
28211,1081,1,65.0,4,4,0
28212,1081,9,279.0,1,1,6
28232,1082,9,304.0,1,1,7
28231,1082,1,65.0,4,4,0
28230,1082,3,3.0,10,10,0
28225,1082,210,15.0,9,9,0
28223,1082,6,228.0,2,2,2
28224,1082,131,188.0,3,3,0
28229,1082,117,16.0,8,8,0
28227,1082,214,57.0,5,5,0
28233,1083,6,265.0,2,2,3
28234,1083,131,204.0,3,3,0
28235,1083,210,20.0,8,8,0
28237,1083,214,67.0,5,5,0
28239,1083,117,18.0,9,9,0
28240,1083,3,3.0,10,10,0
28241,1083,1,73.0,4,4,0
28242,1083,9,328.0,1,1,7
28243,1084,6,303.0,2,2,4
28244,1084,131,237.0,3,3,0
28245,1084,210,34.0,7,7,0
28247,1084,214,81.0,5,5,0
28249,1084,117,18.0,9,9,0
28250,1084,3,3.0,10,10,0
28251,1084,1,81.0,4,4,0
28252,1084,9,359.0,1,1,7
28253,1085,6,314.0,2,2,4
28254,1085,131,270.0,3,3,0
28255,1085,210,34.0,7,7,0
28257,1085,214,93.0,4,4,0
28259,1085,117,19.0,9,9,0
28260,1085,3,3.0,10,10,0
28261,1085,1,89.0,5,5,0
28262,1085,9,396.0,1,1,8
28263,1086,6,334.0,2,2,4
28264,1086,131,304.0,3,3,0
28265,1086,210,34.0,7,7,0
28267,1086,214,99.0,4,4,0
28269,1086,117,20.0,9,9,0
28270,1086,3,3.0,10,10,0
28271,1086,1,95.0,5,5,0
28272,1086,9,431.0,1,1,9
28273,1087,6,357.0,2,2,4
28274,1087,131,316.0,3,3,0
28275,1087,210,34.0,7,7,0
28277,1087,214,115.0,4,4,0
28279,1087,117,24.0,9,9,0
28280,1087,3,4.0,10,10,0
28281,1087,1,95.0,5,5,0
28282,1087,9,475.0,1,1,10
28283,1088,6,376.0,2,2,4
28284,1088,131,346.0,3,3,0
28285,1088,210,34.0,7,7,0
28287,1088,214,125.0,4,4,0
28289,1088,117,25.0,9,9,0
28290,1088,3,4.0,10,10,0
28291,1088,1,101.0,5,5,0
28292,1088,9,511.0,1,1,11
28293,1089,6,406.0,2,2,4
28294,1089,131,371.0,3,3,0
28295,1089,210,34.0,7,7,0
28297,1089,214,125.0,4,4,0
28299,1089,117,25.0,9,9,0
28300,1089,3,6.0,10,10,0
28301,1089,1,107.0,5,5,0
28302,1089,9,545.0,1,1,12
28303,1091,6,439.0,2,2,4
28304,1091,131,373.0,3,3,0
28305,1091,210,34.0,8,8,0
28307,1091,214,125.0,5,5,0
28309,1091,117,37.0,7,7,0
28310,1091,3,6.0,10,10,0
28311,1091,1,129.0,4,4,0
28312,1091,9,576.0,1,1,13
28332,1092,9,619.0,1,1,14
28331,1092,1,130.0,5,5,0
28325,1092,210,34.0,8,8,0
28323,1092,6,454.0,2,2,4
28330,1092,3,8.0,10,10,0
28324,1092,131,387.0,3,3,0
28327,1092,214,143.0,4,4,0
28329,1092,117,45.0,7,7,0
28370,1093,3,8.0,10,10,0
28371,1093,1,138.0,5,5,0
28367,1093,214,149.0,4,4,0
28363,1093,6,469.0,2,2,4
28369,1093,117,49.0,7,7,0
28365,1093,210,36.0,8,8,0
28364,1093,131,416.0,3,3,0
28382,1094,9,696.0,1,1,16
28381,1094,1,146.0,5,5,0
28375,1094,210,36.0,8,8,0
28373,1094,6,487.0,2,2,4
28380,1094,3,8.0,10,10,0
28374,1094,131,447.0,3,3,0
28377,1094,214,153.0,4,4,0
28379,1094,117,49.0,7,7,0
28372,1093,9,656.0,1,1,15
28383,1095,6,524.0,2,2,4
28384,1095,131,505.0,3,3,1
28385,1095,210,37.0,8,8,0
28387,1095,214,167.0,4,4,0
28389,1095,117,50.0,7,7,0
28390,1095,3,8.0,10,10,0
28391,1095,1,148.0,5,5,0
28392,1095,9,719.0,1,1,16
28393,1096,6,554.0,2,2,4
28394,1096,131,515.0,3,3,1
28395,1096,210,37.0,8,8,0
28397,1096,214,173.0,4,4,0
28399,1096,117,55.0,7,7,0
28400,1096,3,8.0,10,10,0
28401,1096,1,159.0,5,5,0
28402,1096,9,759.0,1,1,17
28492,1098,1,0.0,10,10,0
28491,1098,210,0.0,9,9,0
28489,1098,3,1.0,7,7,0
28488,1098,214,2.0,6,6,0
28486,1098,131,16.0,3,3,0
28485,1098,6,12.0,4,4,0
28484,1098,117,23.0,2,2,0
28483,1098,9,43.0,1,1,1
28444,1100,117,65.0,2,2,0
28443,1100,9,123.0,1,1,3
28442,1099,1,0.0,10,10,0
28439,1099,3,1.0,8,8,0
28435,1099,6,26.0,4,4,0
28441,1099,210,1.0,7,7,0
28438,1099,214,8.0,5,5,0
28434,1099,117,38.0,2,2,0
28436,1099,131,38.0,3,3,0
28433,1099,9,87.0,1,1,2
28445,1100,6,26.0,4,4,0
28446,1100,131,56.0,3,3,0
28448,1100,214,8.0,6,6,0
28449,1100,3,1.0,10,10,0
28451,1100,210,7.0,7,7,0
28452,1100,1,12.0,5,5,0
28453,1101,9,180.0,1,1,4
28454,1101,117,87.0,2,2,0
28455,1101,6,62.0,4,4,0
28456,1101,131,76.0,3,3,0
28458,1101,214,8.0,6,6,0
28459,1101,3,1.0,10,10,0
28461,1101,210,7.0,7,7,0
28462,1101,1,14.0,5,5,0
28463,1102,9,224.0,1,1,5
28464,1102,117,102.0,2,2,0
28465,1102,6,78.0,4,4,0
28466,1102,131,96.0,3,3,0
28468,1102,214,14.0,6,6,0
28469,1102,3,1.0,10,10,0
28471,1102,210,8.0,7,7,0
28472,1102,1,14.0,5,5,0
28473,1104,9,249.0,1,1,6
28474,1104,117,120.0,2,2,0
28475,1104,6,90.0,4,4,0
28476,1104,131,119.0,3,3,0
28478,1104,214,35.0,5,5,0
28479,1104,3,1.0,10,10,0
28481,1104,210,8.0,7,7,0
28482,1104,1,17.0,6,6,0
28493,1105,9,287.0,1,1,7
28494,1105,117,134.0,3,3,0
28495,1105,6,100.0,4,4,0
28496,1105,131,152.0,2,2,0
28498,1105,214,40.0,5,5,0
28499,1105,3,1.0,10,10,0
28501,1105,210,8.0,7,7,0
28502,1105,1,17.0,6,6,0
28522,1106,1,17.0,6,6,0
28521,1106,210,8.0,8,8,0
28519,1106,3,7.0,9,9,0
28518,1106,214,44.0,5,5,0
28516,1106,131,167.0,2,2,0
28515,1106,6,122.0,4,4,0
28514,1106,117,154.0,3,3,0
28513,1106,9,321.0,1,1,8
28541,1107,210,11.0,7,7,0
28539,1107,3,7.0,9,9,0
28535,1107,6,154.0,4,4,0
28534,1107,117,175.0,3,3,0
28542,1107,1,29.0,6,6,0
28538,1107,214,47.0,5,5,0
28533,1107,9,377.0,1,1,9
28536,1107,131,178.0,2,2,0
28543,1108,9,411.0,1,1,10
28544,1108,117,181.0,3,3,0
28545,1108,6,157.0,4,4,0
28546,1108,131,203.0,2,2,0
28548,1108,214,47.0,6,6,0
28549,1108,3,11.0,7,7,0
28551,1108,210,11.0,8,8,0
28552,1108,1,59.0,5,5,0
28553,1109,9,452.0,1,1,11
28554,1109,117,184.0,3,3,0
28555,1109,6,167.0,4,4,0
28556,1109,131,223.0,2,2,0
28558,1109,214,47.0,6,6,0
28559,1109,3,11.0,7,7,0
28561,1109,210,11.0,8,8,0
28562,1109,1,87.0,5,5,0
28563,1110,9,503.0,1,1,12
28564,1110,117,196.0,3,3,0
28565,1110,6,191.0,4,4,0
28566,1110,131,247.0,2,2,0
28568,1110,214,57.0,6,6,0
28569,1110,3,11.0,7,7,0
28571,1110,210,11.0,8,8,0
28572,1110,1,103.0,5,5,0
28573,1111,9,540.0,1,1,13
28574,1111,117,215.0,3,3,0
28575,1111,6,201.0,4,4,0
28576,1111,131,255.0,2,2,0
28578,1111,214,73.0,6,6,0
28579,1111,3,15.0,7,7,0
28581,1111,210,11.0,8,8,0
28582,1111,1,111.0,5,5,0
28583,1112,9,583.0,1,1,14
28584,1112,117,217.0,4,4,0
28585,1112,6,228.0,3,3,0
28586,1112,131,273.0,2,2,0
28588,1112,214,73.0,6,6,0
28589,1112,3,21.0,7,7,0
28591,1112,210,11.0,8,8,0
28592,1112,1,115.0,5,5,0
28593,1113,9,597.0,1,1,14
28594,1113,117,217.0,4,4,0
28595,1113,6,265.0,3,3,1
28596,1113,131,289.0,2,2,0
28598,1113,214,81.0,6,6,0
28599,1113,3,21.0,7,7,0
28601,1113,210,12.0,8,8,0
28602,1113,1,139.0,5,5,0
28603,1114,9,623.0,1,1,15
28604,1114,117,221.0,4,4,0
28605,1114,6,285.0,3,3,1
28606,1114,131,305.0,2,2,0
28608,1114,214,84.0,6,6,0
28609,1114,3,21.0,7,7,0
28611,1114,210,12.0,8,8,0
28612,1114,1,172.0,5,5,0
28658,1115,214,90.0,6,6,0
28662,1115,1,219.0,5,5,0
28661,1115,210,12.0,9,9,0
28659,1115,3,23.0,7,7,0
28656,1115,131,326.0,2,2,0
28655,1115,6,298.0,3,3,1
28654,1115,117,230.0,4,4,0
28653,1115,9,657.0,1,1,16
28671,1116,210,12.0,9,9,0
28669,1116,3,26.0,7,7,0
28665,1116,6,322.0,3,3,1
28672,1116,1,242.0,4,4,0
28668,1116,214,100.0,6,6,0
28666,1116,131,344.0,2,2,0
28664,1116,117,236.0,5,5,0
28663,1116,9,706.0,1,1,17
28673,1117,9,731.0,1,1,18
28674,1117,117,236.0,5,5,0
28675,1117,6,349.0,3,3,1
28676,1117,131,371.0,2,2,0
28678,1117,214,101.0,6,6,0
28679,1117,3,28.0,7,7,0
28681,1117,210,12.0,10,10,0
28682,1117,1,256.0,4,4,0
28683,1118,9,782.0,1,1,19
28684,1118,117,261.0,5,5,0
28685,1118,6,362.0,3,3,1
28686,1118,131,382.0,2,2,0
28688,1118,214,108.0,6,6,0
28689,1118,3,28.0,7,7,0
28691,1118,210,12.0,10,10,0
28692,1118,1,282.0,4,4,0
28693,1119,9,822.0,1,1,20
28694,1119,117,273.0,5,5,0
28695,1119,6,388.0,3,3,1
28696,1119,131,392.0,2,2,0
28698,1119,214,120.0,6,6,0
28699,1119,3,28.0,7,7,0
28701,1119,210,12.0,10,10,0
28702,1119,1,284.0,4,4,0
28703,1120,9,860.0,1,1,21
28704,1120,117,280.0,5,5,0
28705,1120,6,406.0,3,3,1
28706,1120,131,409.0,2,2,0
28708,1120,214,120.0,6,6,0
28709,1120,3,28.0,7,7,0
28711,1120,210,12.0,10,10,0
28712,1120,1,302.0,4,4,0
28713,1121,9,44.0,1,1,1
28714,1121,6,27.0,2,2,0
28715,1121,131,16.0,3,3,0
28716,1121,1,12.0,4,4,0
28717,1121,117,3.0,5,5,0
28718,1121,15,0.0,6,6,0
28719,1121,210,0.0,7,7,0
28720,1121,215,0.0,8,8,0
28721,1121,3,0.0,9,9,0
28722,1121,214,0.0,10,10,0
28723,1122,9,87.0,1,1,2
28724,1122,6,49.0,2,2,0
28725,1122,131,26.0,4,4,0
28726,1122,1,28.0,3,3,0
28727,1122,117,13.0,5,5,0
28728,1122,15,0.0,8,8,0
28729,1122,210,1.0,6,6,0
28730,1122,215,0.0,9,9,0
28731,1122,3,0.0,7,7,0
28732,1122,214,0.0,10,10,0
28752,1123,214,0.0,10,10,0
28750,1123,215,6.0,6,6,0
28748,1123,15,0.0,9,9,0
28747,1123,117,25.0,5,5,0
28746,1123,1,55.0,3,3,0
28745,1123,131,26.0,4,4,0
28751,1123,3,0.0,8,8,0
28749,1123,210,4.0,7,7,0
28744,1123,6,93.0,2,2,1
28743,1123,9,97.0,1,1,2
28753,1124,9,141.0,1,1,3
28754,1124,6,120.0,2,2,1
28755,1124,131,34.0,4,4,0
28756,1124,1,69.0,3,3,0
28757,1124,117,33.0,5,5,0
28758,1124,15,0.0,9,9,0
28759,1124,210,4.0,7,7,0
28760,1124,215,7.0,6,6,0
28761,1124,3,0.0,8,8,0
28762,1124,214,0.0,10,10,0
28784,1126,6,187.0,2,2,1
28783,1126,9,239.0,1,1,4
28782,1125,214,0.0,9,9,0
28780,1125,215,7.0,6,6,0
28779,1125,210,5.0,7,7,0
28778,1125,15,0.0,10,10,0
28777,1125,117,40.0,5,5,0
28774,1125,6,151.0,2,2,1
28781,1125,3,0.0,8,8,0
28776,1125,1,96.0,3,3,0
28775,1125,131,52.0,4,4,0
28773,1125,9,195.0,1,1,4
28785,1126,131,64.0,4,4,0
28786,1126,1,124.0,3,3,1
28787,1126,117,42.0,5,5,0
28788,1126,15,0.0,10,10,0
28789,1126,210,7.0,7,7,0
28790,1126,215,19.0,6,6,0
28791,1126,3,0.0,9,9,0
28792,1126,214,1.0,8,8,0
28793,1127,9,268.0,1,1,5
28794,1127,6,212.0,2,2,1
28795,1127,131,79.0,4,4,0
28796,1127,1,154.0,3,3,1
28797,1127,117,44.0,5,5,0
28798,1127,15,0.0,10,10,0
28799,1127,210,7.0,7,7,0
28800,1127,215,20.0,6,6,0
28801,1127,3,0.0,9,9,0
28802,1127,214,1.0,8,8,0
28803,1128,9,276.0,1,1,5
28804,1128,6,252.0,2,2,2
28805,1128,131,96.0,4,4,0
28806,1128,1,184.0,3,3,1
28807,1128,117,44.0,5,5,0
28808,1128,15,0.0,10,10,0
28809,1128,210,7.0,7,7,0
28810,1128,215,24.0,6,6,0
28811,1128,3,2.0,8,8,0
28812,1128,214,2.0,9,9,0
28813,1129,9,301.0,1,1,6
28814,1129,6,252.0,2,2,2
28815,1129,131,124.0,4,4,0
28816,1129,1,212.0,3,3,1
28817,1129,117,58.0,5,5,0
28818,1129,15,0.0,10,10,0
28819,1129,210,7.0,7,7,0
28820,1129,215,28.0,6,6,0
28821,1129,3,2.0,9,9,0
28822,1129,214,5.0,8,8,0
28823,1130,9,330.0,1,1,7
28824,1130,6,270.0,2,2,2
28825,1130,131,151.0,4,4,0
28826,1130,1,237.0,3,3,1
28827,1130,117,58.0,5,5,0
28828,1130,15,0.0,10,10,0
28829,1130,210,7.0,8,8,0
28830,1130,215,28.0,6,6,0
28831,1130,3,2.0,9,9,0
28832,1130,214,8.0,7,7,0
28833,1131,9,355.0,1,1,7
28834,1131,6,291.0,2,2,2
28835,1131,131,196.0,4,4,1
28836,1131,1,268.0,3,3,1
28837,1131,117,58.0,5,5,0
28838,1131,15,0.0,10,10,0
28839,1131,210,19.0,7,7,0
28840,1131,215,30.0,6,6,0
28841,1131,3,2.0,9,9,0
28842,1131,214,9.0,8,8,0
28843,1132,9,373.0,1,1,7
28844,1132,6,302.0,2,2,2
28845,1132,131,221.0,4,4,2
28846,1132,1,295.0,3,3,1
28847,1132,117,68.0,5,5,0
28848,1132,15,0.0,10,10,0
28849,1132,210,27.0,7,7,0
28850,1132,215,31.0,6,6,0
28851,1132,3,4.0,9,9,0
28852,1132,214,9.0,8,8,0